Barcode,Annotation
ACGCCTGACACGCGCT-1,Region_1
TACCGATCCAACACTT-1,Region_1
ATTAAAGCGGACGAGC-1,Region_1
GATAAGGGACGATTAG-1,Region_2
GTGCAAATCACCAATA-1,Region_1
TGTTGGCTGGCGGAAG-1,Region_2
GCATCCTCTCCTATTA-1,Region_1
GCGAGGGACTGCTAGA-1,Region_0
TGGTACCGGCACAGCC-1,Region_1
GCGCGTTTAAATCGTA-1,Region_1
TGCCTTGCCCTTACGG-1,Region_1
GACGACTTTCCAAGAA-1,Region_1
CCAGTGAGCTCCTTGT-1,Region_2
ATACCCTGGCTCAAAT-1,Region_2
GGGTTTCCGGCTTCCA-1,Region_4
TAACCGTCCAGTTCAT-1,Region_1
AAACAACGAATAGTTC-1,Region_1
CAAGGGAGTGTATTTG-1,Region_1
CCAAGCTTGATCTCCT-1,Region_1
TTATTTCATCCCAAAC-1,Region_1
GAGCGCTATGTCAGGC-1,Region_1
TATGGCAGACTTTCGA-1,Region_2
CTTCGTGCCCGCATCG-1,Region_1
AAACGGGTTGGTATCC-1,Region_2
TGCAAACCCACATCAA-1,Region_1
GACGGGATGTCTTATG-1,Region_0
GGCGAGCATCGAGGAC-1,Region_1
CGCGTGCTATCAACGA-1,Region_0
TGAAACCTCAACTCAC-1,Region_1
CACATAAGGCGACCGT-1,Region_0
TGACCCAACTCACATT-1,Region_1
ATACGCCGATCTACCG-1,Region_0
ACTTATCTGATCTATA-1,Region_1
GTGTGAGCCGAGGTGC-1,Region_0
GATGATTTGAAACTGG-1,Region_1
GGGAACCACCTGTTTC-1,Region_0
GTTCGTTGCGGACCAG-1,Region_1
TGAGGTTGATCCCAAG-1,Region_0
GATGCCACACTACAGC-1,Region_1
AGGCAAAGAGGAATCA-1,Region_0
AAGTAAGCTTCCAAAC-1,Region_1
AACGTAGTCTACCCAT-1,Region_0
GTTTGAGCGGTTATGT-1,Region_1
GAAGCAAGGCAATGTT-1,Region_0
TCACTCAGCGCATTAG-1,Region_1
TACAATGAAACCAGCA-1,Region_0
GTGCGCTTACAAATGA-1,Region_1
GCACTCCCACAGTCCC-1,Region_0
CGAAGACTGCCCGGGA-1,Region_1
CAGGATCCGCCCGACC-1,Region_0
CACGATTGGTCGTTAA-1,Region_1
GGTTGTATCGTGAAAT-1,Region_0
TCTTATGGGTAGTACC-1,Region_1
TACAAGCTGTTCACTG-1,Region_0
GTATCTTGTTGCTCAC-1,Region_1
ATACCAGGTGAGCGAT-1,Region_0
CCTAAACAGGGTCCGT-1,Region_1
ATGGTGCTCAAAGCCA-1,Region_0
CAAATGCGGAGTGTTC-1,Region_1
CGTGCCCGACATTTGT-1,Region_0
GTATCTCCCTAACTGT-1,Region_1
ATTTGCCTAGTTACGA-1,Region_0
ACGTCCTAAACGAGAT-1,Region_1
CTGGGATCGCCCAGAT-1,Region_0
CTGCAAATGGGCTCCA-1,Region_1
CATTATAACAGGGTCC-1,Region_0
ACCTTTCCTTTAGAAG-1,Region_1
ATAGATTTGCAGTCGG-1,Region_0
CTCGGGCATCGTCGGG-1,Region_1
GTGGCGGGCCGTAGCT-1,Region_0
CAACAGTGCCAAACGG-1,Region_1
TGCGGGTATTGGGATC-1,Region_0
GTCTCGCCAACACGCC-1,Region_1
CTGGGCGGCCAAATGT-1,Region_0
TAAAGGAGAAACTAGT-1,Region_1
TCCCACGGAGGGAGCT-1,Region_0
AGCTTCAATACTTTGA-1,Region_1
TTCCACATTTCTCGTC-1,Region_0
ACAAACCGACAAGGCG-1,Region_1
AGACGGGATTGGTATA-1,Region_0
AACCTAAAGCCGTCCG-1,Region_1
TACAAATTGCGGAGGT-1,Region_0
CCCGCTAGAGGGTTAA-1,Region_1
CATTGCAAAGCATAAT-1,Region_0
TGTACGCTATCAGCTT-1,Region_1
TTCTTCGCAATAGAGC-1,Region_0
TGTGATTCCAGCGCTT-1,Region_1
ATTCAGGATCGCCTCT-1,Region_0
GCCCATGGGTGCAATG-1,Region_1
TTCCCGACGCTTCACT-1,Region_0
AGCGGTTGAGATGTAC-1,Region_1
GCTGTCTGTGATCGAC-1,Region_0
AAAGACATGAAGTTTA-1,Region_1
CAACAGAATAACGCTA-1,Region_0
TGCGGTCTACGAGTAA-1,Region_1
AAGACTCACGCCCACT-1,Region_0
CTTTGAAACATATTCC-1,Region_1
CTGGGCACTAGTCGGA-1,Region_0
CGCCCTTACATCCACC-1,Region_1
CACGACCACAGACTTT-1,Region_0
CAATCCATTATCCGTT-1,Region_1
GTGGCGTGCACCAGAG-1,Region_0
CGGAGTCCTAACCTGG-1,Region_1
GGTCCCATAACATAGA-1,Region_0
ATCTCATAAACCTACC-1,Region_1
TGCATGGCAGTCTTGC-1,Region_0
TTGCAGGTCATGAAGT-1,Region_1
AGCTGCATTTGAGGTG-1,Region_0
TAATCAGGAATGCTGC-1,Region_1
CCATCATAAGAACAGG-1,Region_0
TCGTATCACCAAGCTA-1,Region_1
ATTCAGATGAATCCCT-1,Region_0
AAAGGTCAACGACATG-1,Region_1
AGCTGCTGTGCCGAAT-1,Region_0
CTAGCGCCAATCCTAC-1,Region_1
GCTCGACCGAACTGAA-1,Region_0
ACAGTGCAGCGCATTT-1,Region_1
CGGCTGAAGGTTACGC-1,Region_0
CACCTCTACGAGTGTG-1,Region_1
ATACGACAGATGGGTA-1,Region_0
ACTTCCTGTCGTGCGA-1,Region_1
CGTAACGGAACGATCA-1,Region_0
AAATCACTCCTAAACG-1,Region_1
CTCCGAGTAAATCCGC-1,Region_0
ACGCTAGTATCAGTGC-1,Region_1
AGAGTGAACAGACACC-1,Region_0
ACACCCGTAAATCTGT-1,Region_2
GCTTTGCTGCCGGGTA-1,Region_0
ACAGGAGGCGCAGCCG-1,Region_1
AGGCAATACGGAGGAC-1,Region_1
TGGTGTGACAGACGAT-1,Region_2
ATCTATCGATGATCAA-1,Region_1
CGGTAACAAGATACAT-1,Region_2
TCGCCGGAGAGTCTTA-1,Region_1
GGAGGAGTGTGTTTAT-1,Region_0
TTAGGTGTGACTGGTC-1,Region_1
CAGGGCTAACGAAACC-1,Region_0
CCCGTGGGTTAATTGA-1,Region_1
GACCGACCGCTAATAT-1,Region_0
GGTATCAAGCATAGAA-1,Region_0
TGCATGAGTAGATTCG-1,Region_0
AATTCCAACTTGGTGA-1,Region_1
TGCCGATGTCATCAAT-1,Region_1
GCTGGGTCCGCTGTTA-1,Region_1
TGAACACCCGAAGCAG-1,Region_1
AACATTGGTCAGCCGT-1,Region_1
GTGGGTCTTCTTTGCG-1,Region_1
CATCGAATGGATCTCT-1,Region_1
GCTACACTGTCCGAAC-1,Region_0
CGGGTTGTAGCTTTGG-1,Region_1
CCTAAGTGTCTAACCG-1,Region_0
TCTGTGACTGACCGTT-1,Region_0
TTATCATACTCGCAAA-1,Region_0
AGCGTAGCGCTAGACC-1,Region_2
TCCCTCCGAAATCGTT-1,Region_0
AGGTCGCCACTTCGGT-1,Region_1
CTAGCAACTAATTTAC-1,Region_1
TTGCTAGCTACCAATC-1,Region_1
GCCGGTTTGGGCGGAT-1,Region_1
TGTAACTTGTCAACCT-1,Region_1
CGAGATGTTGCCTATA-1,Region_1
GTTACGAAATCCACGC-1,Region_1
CTTGTCGTACGTGTCA-1,Region_0
GCGTCCAGCTCGTGGC-1,Region_2
CCCTTCTCGTACGCGA-1,Region_2
CCAAAGTCCCGCTAAC-1,Region_1
CCGCTTCGCGGTTAAC-1,Region_1
GTTACGGCCCGACTGC-1,Region_1
CCCGCTTGCCCTCGTC-1,Region_1
TAGTGAGAAGTGGTTG-1,Region_1
CGCTACCGCCCTATGA-1,Region_1
AAACAATCTACTAGCA-1,Region_1
GCGCGATGGGTCAAGT-1,Region_2
ATAAACCATTGGACGG-1,Region_1
TCGGGCACTTCTGGAT-1,Region_2
TCTGTGGCTACATTTC-1,Region_2
CTCTGTGCCTGCTATG-1,Region_3
CACGACTAAAGTTCTG-1,Region_0
GAGGAGTAATTCCTAC-1,Region_3
AGAGGTATCTCGGTCC-1,Region_3
GGCGTACCCTATATAA-1,Region_3
GCCGGAAACACATCTT-1,Region_3
AAATGTGGGTGCTCCT-1,Region_2
ACCAGGAGTGTGATCT-1,Region_2
TGTGGAGGAAGCTTAA-1,Region_2
AAGGAGAACTTATAAG-1,Region_2
CCCTCGGGAGCCTTGT-1,Region_1
ACTGTTTAGTGTAGGC-1,Region_1
CGTCAGTTTATCGTCT-1,Region_1
GCGTGTATGTCGTATT-1,Region_1
ACAATCGATCTTTATA-1,Region_0
CAGCCCTCACAGGCAG-1,Region_1
CGCGTCATATTAAACC-1,Region_0
GAAGACTTCAATGCCG-1,Region_0
TTGCGGCGACTCATGC-1,Region_0
ACCAAACTAGAAATCC-1,Region_0
TTACTGTTTCTCTACG-1,Region_2
GACCAGGTCATTCATA-1,Region_3
TTCTTCCCTTTGATAT-1,Region_3
ACGCCCAGCTGTCGAT-1,Region_2
AGTAGCGTGAACGAAC-1,Region_3
CCTCGACCCACTGCCT-1,Region_2
AGTTATTGAAAGGTAA-1,Region_2
TCAGTTACGGAATGAT-1,Region_2
GAATCTATACTCGGAC-1,Region_2
TCGGCTAACTTCCCTT-1,Region_2
ACGTGGTCGAATGTGC-1,Region_0
ATATCGTGCCAGACCC-1,Region_1
GTAGCTAGTAAGCGCG-1,Region_0
ACGCTTAGTGTCTCTC-1,Region_1
TCCGGCCTGCATCGAT-1,Region_0
TAGTGGAACTCATACA-1,Region_0
ATCATCTGCCCAGTGT-1,Region_0
GTTATTAAATACGACC-1,Region_1
GCGCTAAGTATGCATG-1,Region_0
CCTGACGCAACCTTTA-1,Region_1
CCCAAGAATGCACGGT-1,Region_2
AACTGGGTTCGAGCCG-1,Region_2
GGTTCCACCCGCTTCT-1,Region_2
CATGCACGTGTTACTG-1,Region_3
AGCGTTCCGATTTAAA-1,Region_1
CCTACGCGACCTTACA-1,Region_1
CGAATTACATGGTGTT-1,Region_2
GAGGTCTTAGTGGGTC-1,Region_1
GCCGCTAGATACGCAG-1,Region_0
GTCACCTGTCTATGTC-1,Region_1
CCGATTGGTCAATGAA-1,Region_0
CCTGTGCGGATTGTAA-1,Region_1
TTACGTAGCGCGTGCT-1,Region_0
GGAGGCGAAGAACCGC-1,Region_2
GGGTCACGTGCTTATG-1,Region_2
GCTCCGGACGTTGATA-1,Region_2
ATGTTTGTAAGATCAT-1,Region_2
TGACCCAGCATTCCCG-1,Region_2
TGGTCGTTTGATAGAT-1,Region_3
TGTAATGCCTTCGGAC-1,Region_2
TGCTCACACAACAACC-1,Region_3
TACGATCCAAGCCACT-1,Region_1
TTGTAACTTCATAGCG-1,Region_1
AGATTCAAGCGGGTCG-1,Region_1
CTCAGCAGACTGCCGA-1,Region_2
GTAACATCAGCTCATC-1,Region_2
ATGGAACAGAATAAAC-1,Region_2
GGGCCTATACAACCGG-1,Region_1
TCAAACAATTAGGACA-1,Region_2
AAACCACTACACAGAT-1,Region_1
AAACGACAGTCTTGCC-1,Region_2
TTGAGGGTCGAACGCG-1,Region_1
TGTTGATCACTGTTTA-1,Region_0
AGGGTGTGCTACACGC-1,Region_1
GTAGTTAGACAATATA-1,Region_2
AATGGCCGCCAATGCG-1,Region_1
TCGGCGGTATTAGATT-1,Region_2
GGGTCACTGAGTAGTG-1,Region_1
GAATTATGCAACCTAC-1,Region_2
GATCTTAGTGAACGTG-1,Region_2
CTAATGCGCCCAACAA-1,Region_1
GCCACCCATTCCACTT-1,Region_1
TACTCACAACGTAGTA-1,Region_1
GTTCGGTGTGGATTTA-1,Region_1
TCTTTCGGCGGGACAC-1,Region_1
GGAGACATTCACGGGC-1,Region_0
GGGATTATCTCACAAC-1,Region_1
TAGAACGCCAGTAACG-1,Region_0
ACGAGTCGCCGGCGTT-1,Region_1
TGATGGGACTAAGTCA-1,Region_0
TGCGAGAAACGTTACG-1,Region_2
TCGCCTCGACCTGTTG-1,Region_1
AACTCGATAAACACGT-1,Region_2
AGGAAAGCCTCTGATG-1,Region_1
GAAGGACTAAATTGAA-1,Region_1
GTATCGGGACGAGCTG-1,Region_0
CCTGTGCATAGGAGAC-1,Region_1
CATACGGGTGCATGAT-1,Region_1
CCACTAAACTGAATCG-1,Region_1
AAATTGCGGCGGTTCT-1,Region_1
AGTCCAGCGGGTACGT-1,Region_1
CATTCAGGTCAGTGCG-1,Region_1
CTAAAGTCCGAAGCTA-1,Region_0
AATCAGACTGCAGGAC-1,Region_1
AGTATCCATAATAACG-1,Region_0
CTGGCTGCTAACGTAA-1,Region_1
GTTCCAAGACAGCGAC-1,Region_1
AAGACTAACCCGTTGT-1,Region_1
GATTAATCCTGGCTCA-1,Region_1
CGCGCAAGGAACTACA-1,Region_1
CAGTAGCGAGGTAGTA-1,Region_1
ACGGCGGGTTGCCCTG-1,Region_1
CTAGGCGGCAGAGAAT-1,Region_1
GTGCGCAGCTTGCTCC-1,Region_0
TCACTATCGTGCAATC-1,Region_2
TATGATTCTGCTTGGT-1,Region_0
TAAGATTTAGCGGGAG-1,Region_0
TTACGGTGTCACCGAG-1,Region_0
CTACACTAGCTTGTTC-1,Region_1
TGAGCAGTCGTGAAGT-1,Region_1
CGCTGAGGACGTCCAA-1,Region_1
GTGTATGACTTTAAAG-1,Region_1
CTAAACGGGTGTAATC-1,Region_1
TGTACTGTGCCAAAGT-1,Region_1
GGCCACAAGCGATGGC-1,Region_1
GTCAATTGTACTGAAG-1,Region_1
AGGGACAGCACGGCGG-1,Region_1
AGCTTATAGAGACCTG-1,Region_1
AACTAGCGTATCGCAC-1,Region_1
AACTTTAGCTGCTGAG-1,Region_1
CCCAAGACAGAGTATG-1,Region_1
GGCATCAACGAGCACG-1,Region_0
ATGCATTCCGTGATGG-1,Region_0
TTATAGATGCACATTA-1,Region_0
GAACCATCTGGGAGAC-1,Region_2
TGCTATACAAACGGAC-1,Region_2
ACTTGCCATATTGTAC-1,Region_2
TATTCCGGCAGTCCTA-1,Region_2
GACGGACCGCGTTCCT-1,Region_2
ATGTGTAGTTTAGTCA-1,Region_2
ATACCAGCAAATTGCT-1,Region_0
AAGTTTACTAATGGCA-1,Region_2
CTCTCGATGTGCGCCT-1,Region_2
GATTGACACTCTGCTC-1,Region_2
TATCACAGCACGGGCA-1,Region_0
ACCGTTCCCGCTCTGA-1,Region_1
CCGCCACCACAATCCA-1,Region_0
CATTCACTGACAGCTA-1,Region_1
CGGCTGCAAGATTAAG-1,Region_0
CATGAACCTCTTATCA-1,Region_1
TTAATGCGAGGTAACT-1,Region_1
AATAAGTCCTCGAGAC-1,Region_1
ACCAGCCCGGTCTTTG-1,Region_2
CTACGAACTAGGTCGA-1,Region_2
ACATCTCAACGCGTAA-1,Region_2
CACTACTCAGTTCTGT-1,Region_2
CCGACTCGCATAGTCT-1,Region_2
CATTTATCGTTCAAGA-1,Region_0
CAAACGTGGTCTTGCG-1,Region_2
TAGAAACCACTAAGTA-1,Region_0
ACTGATTTAGTGATTC-1,Region_1
TCGTATTTCGTCCGGA-1,Region_2
CGGAAATTTCACATCC-1,Region_1
ATCCACGCTAAATGTT-1,Region_0
GTTCAATCTATGTCAA-1,Region_1
ATAAAGGTCAAGTACG-1,Region_1
CAACTCCAACGTTTAG-1,Region_1
TAGGAACAGCCTCCAG-1,Region_1
ATGGGAACGGAAGCGG-1,Region_1
CACACGTTTCAATGGG-1,Region_1
GGTGTTCTGTTTCTAC-1,Region_2
AGTAACGTTCATCCTG-1,Region_0
GTATAGTGGCCCATGT-1,Region_2
TCTACACGTTCATGCA-1,Region_0
AATCTGGGTAGACCCT-1,Region_1
TCGGTTAGCCATGTAG-1,Region_2
TGCCATGGCTTATAAG-1,Region_2
TAAGTAAATGTGCCGC-1,Region_2
GTGTCCGATAAGGCAT-1,Region_2
TGGCACGAGCTCGAGT-1,Region_2
ACCGGTCTGAGTACGG-1,Region_2
GAACTTAGCGCCCGGT-1,Region_0
AGTAGCTAGACGCCGA-1,Region_0
ATAGGAATCTAAGCTT-1,Region_0
CTTCCTGCATATTTAC-1,Region_0
CAATATGTAGATTTAC-1,Region_0
ACAAGGCCTACCAGCC-1,Region_0
TTATAGTCCAAGGTGC-1,Region_3
AAACGCCCGAGATCGG-1,Region_1
CCTCGTTACGCCTGTT-1,Region_2
GAACGGTGTAAAGCAG-1,Region_2
ACGCATAAATGACATG-1,Region_2
GGTTCGATGCTGAGTT-1,Region_2
CTTTGGCAGACAGAGT-1,Region_2
TTCGTGGGCTGGAAGC-1,Region_1
CAAAGGTTAAATTCAG-1,Region_2
GTTTGGCGTCAGGCAC-1,Region_1
GCTTTCTATCTCAACT-1,Region_2
TGCATCTCCGGATCTT-1,Region_1
CTGAAACGGCCCTCAG-1,Region_2
TAGCAGTAAATACGCG-1,Region_2
CGGGCTACTTAAATTG-1,Region_1
ATTATGCTCAGTATTG-1,Region_2
TGATGCTCACGTAGTC-1,Region_1
GTCTAAGATGCCCAGC-1,Region_1
AACCCGATAGGGCTTC-1,Region_1
CGCTATCGTGGCTTTA-1,Region_0
CGTCTCTCGCCGAGGC-1,Region_2
AGTGGGAGTATACACG-1,Region_1
GGTCTTGGTGTTAACT-1,Region_1
GGCTGGCAGCTTTATG-1,Region_1
CGCCAATTATTGCGTT-1,Region_1
GGTAACCGGCAAAGGT-1,Region_1
TGGGACCATTGGGAGT-1,Region_1
CTGCAGGTGCTCGGCC-1,Region_1
CCGGTGCGAGTGATAG-1,Region_1
GGGTACACTCTGGAGG-1,Region_0
TAGCCAGAGGGTCCGG-1,Region_1
CTTGTGAGGACAGCGG-1,Region_0
GAAGGGCATAACCATG-1,Region_2
CAACATGGCCTGATAA-1,Region_3
CAATTTGACCGGGAAG-1,Region_3
TCTGACTGTAATGGTT-1,Region_1
TTCATAGCCTTGTAAC-1,Region_1
TGGAAACGGAGTGAAC-1,Region_1
ATCGCACGATTGTTCA-1,Region_2
CGCCACCCGCATTAAC-1,Region_1
TGGACCACGGCGTTGA-1,Region_1
GTATATGTTACGGCGG-1,Region_1
GTATTCTTACCGTGCT-1,Region_1
TTCAGAGTAACCTGAC-1,Region_0
GCGGTAACCCAAATGA-1,Region_0
CTACGTGTTGCCACCA-1,Region_0
CTAGATAAACTCCTCG-1,Region_0
TCCATTAGTTGGATAG-1,Region_0
CTGGCTCCTGCGGGAT-1,Region_1
CAGTCTCTCGGCTAAT-1,Region_1
GTATGACGTGGGAAAC-1,Region_1
AGTCACTCCGCCTCAT-1,Region_1
GCAGCGGTGGGCATTA-1,Region_1
TATGGAGTTTCTCGTT-1,Region_1
ACTCAACGAATGTATT-1,Region_1
AACACGCGGCCGCGAA-1,Region_1
CGATATTAGCCGCAGG-1,Region_1
AGCGTCTGAACCCGCA-1,Region_0
GATGTCCGGATCACAT-1,Region_1
GGTCACGTTAGATTCA-1,Region_1
TTAAGGATACGGAGGT-1,Region_1
GTGCGGGACCATCGGC-1,Region_1
CCATCTTGTTCACAAT-1,Region_1
TCCGAGAAGGCTAAGC-1,Region_1
TGGCGGTGTGCGATTG-1,Region_1
ATCCTGCTGCAGATAG-1,Region_1
TTATGCGTCCCGGTCC-1,Region_1
CATAATGAGCGGGCGA-1,Region_1
AGACATAGATCCTTCC-1,Region_1
GGTGAAACCGGGAATG-1,Region_1
AACTGGTGTGGGCCTT-1,Region_1
GTAGCGCTGTTGTAGT-1,Region_0
TTGTTTGTGTAAATTC-1,Region_0
GGATCAAAGGACGAGG-1,Region_0
CGTAGCGCCGACGTTG-1,Region_0
CAAGTGAACTTTGGTT-1,Region_0
GTAGACAACCGATGAA-1,Region_0
CAATGGTCGGCCTGGG-1,Region_0
ACAGATTAGGTTAGTG-1,Region_2
GTTATCACCTTCTGAA-1,Region_2
TGGTATCGGTCTGTAT-1,Region_2
GGAATAACCTCAAGAA-1,Region_2
ATTATCTCGACAGATC-1,Region_1
CCGAGGGATGTTAGGC-1,Region_1
TGAGATCAAATACTCA-1,Region_1
AAACGAAGAACATACC-1,Region_1
CTGGTCCTAACTTGGC-1,Region_1
TGCACGAGTCGGCAGC-1,Region_1
ATAGTCTTTGACGTGC-1,Region_1
TGGAGCTAAAGTTCCC-1,Region_2
GGGTGGTCCAGCCTGT-1,Region_1
CATGCATGGAGACCCT-1,Region_2
ACACGGCACTATGCAT-1,Region_3
CCCTGGTATGGGCGGC-1,Region_2
GGAGGATTGAAAGGAG-1,Region_2
CCGCTGGTGCCATTCA-1,Region_2
GTTAGAGTGTGCCGCT-1,Region_1
TCGGAATGACCATCAA-1,Region_0
TTCAATTAGCCATAAT-1,Region_1
GATGTGTTGTCACAAG-1,Region_0
TCTTTCTCTTAAGGAG-1,Region_1
ACCCTTTAGTTCTCCA-1,Region_0
ACCACAACTCAGAACA-1,Region_2
TATGATAAATCTAACG-1,Region_2
GATCCTCTTGCGCTTA-1,Region_2
TTCTACCTTTATGTTG-1,Region_0
GAAATACCTGCTGGCT-1,Region_1
ATTCTGAGTATGAACT-1,Region_0
GGATTAAGCTAAGGTC-1,Region_0
AGTACGTGGCCTGTCT-1,Region_0
TCAGGGTGCACGAAAC-1,Region_1
AAATTTACCGAAATCC-1,Region_0
TTGAGGCATTTAACTC-1,Region_1
AACCAGTATCACTCTT-1,Region_0
CACCGGAGATATCTCC-1,Region_0
GACTGGGCGCCGCAAC-1,Region_2
CACGTCTATGATGTGG-1,Region_2
TTAAGACGAACGAACC-1,Region_2
TGACCAGCTTCAAAGT-1,Region_0
AGAGTTAGAGACCGAT-1,Region_0
TTCGGACTGATGCCTT-1,Region_1
CTCGAATGGAACGTAT-1,Region_0
GGACGGCTTGCGCAAC-1,Region_1
CTAAGTACAGGGCTAC-1,Region_0
ACAAATTCAGATCTGA-1,Region_2
CATGGAAATGGGACCA-1,Region_2
GGTGGACCACGTGTTA-1,Region_2
CACGACGTAATAGTAA-1,Region_2
CGGGTTCGGCACGTAT-1,Region_2
CTGGGCTATCCTTTGG-1,Region_2
GTATTAGGGTTCGCGT-1,Region_3
TCATTCGTATAATTTG-1,Region_2
AATAGCAAGCCTCCTG-1,Region_3
CATCTACCCGAGAACG-1,Region_2
GCTTCAGTGGGATTAC-1,Region_3
TCTGTGATGGAGGTTG-1,Region_0
ATCCACTTTCAGACTA-1,Region_2
ATGGTTACGAAACATG-1,Region_2
GGCCCAATCTAGAGGG-1,Region_2
GATGGTGAAATAACCC-1,Region_2
AGAGGGACAATTGTCC-1,Region_2
CGCGTACATTCTGGAA-1,Region_2
CAAGAAACCCTAAACT-1,Region_2
TTGGTGCGGTGTTGAA-1,Region_1
GGTTCCCTAGTGTCTC-1,Region_2
CGATAACCAATTTGAG-1,Region_1
GCCCACTGGTCCACAA-1,Region_3
GAGGGCCGGCAGAGTC-1,Region_0
CGACACGGATGCCCAC-1,Region_2
CTGTCTGTGGCTGGCT-1,Region_1
ATATTATCCCGTATTT-1,Region_1
GCGCTGGCGGAAAGTC-1,Region_1
ATCTAACGTCCCTATG-1,Region_1
GTCAGACAGCGTTGGA-1,Region_1
GCCAGGCTTAGTGGTA-1,Region_1
ATTCAAAGTACCTGTT-1,Region_1
TGGACGTAGGCGAATC-1,Region_1
ACACATTGACGCAACA-1,Region_1
GATATCAGTATGTATC-1,Region_1
TGGGCCTTGCCTGCAT-1,Region_1
CAAAGTCAGGTTAGCT-1,Region_1
GGATCCCTACCAGCTA-1,Region_1
ATCGTCCAATCGAGTC-1,Region_2
ACATGGCTCAATTTAG-1,Region_1
AGGCCCAGTGACTGGT-1,Region_2
GCTTCCAGCTTAGATT-1,Region_0
TGCTTGAAACCATGCA-1,Region_0
CAATATTGGACTAGTG-1,Region_1
CGTGCTGGCCTAGTCG-1,Region_0
CCTGCGATAGAACTGT-1,Region_1
GGGTAATGCTGTGTTT-1,Region_1
AACGCGAACGGCAACA-1,Region_1
TGTCGGCATGGTGGAA-1,Region_1
AGCGTACGAGAGCTAG-1,Region_0
ATACTCTCGCCACTCT-1,Region_1
AATCCATGCAAGGGTG-1,Region_1
TTAAACAGAGTCCCGC-1,Region_1
CCACAGCTGAAATCAT-1,Region_2
CGGTTCCGGCTTCTTG-1,Region_1
GACGTGAGACTCCATG-1,Region_1
TCGTTGGCTCGTCAAT-1,Region_1
GGTGAACGGGCTAGCC-1,Region_1
GCACTGTGCAAATGTA-1,Region_1
ACGAGAACCCATCACG-1,Region_1
CCAGCTACGCCTCATA-1,Region_1
TCCCGGTCAGGAATTT-1,Region_1
TCGCATTCAATGACTT-1,Region_1
CTGGTTCAACGCATCA-1,Region_2
GGTGATTTCATCTTGT-1,Region_2
CACCCTTTCCTCGCTC-1,Region_1
CAACTTGTAGTGGGCA-1,Region_0
AATATCAAGGTCGGAT-1,Region_1
ACTCAGACCTGCTTCT-1,Region_0
TTGGAGTCTCCCTTCT-1,Region_1
GGATACTCATGAATTG-1,Region_0
TGGGCACAAACAGAAC-1,Region_1
GAGCCACGGTAGTAGG-1,Region_1
TCGATAGGCTAGTCGC-1,Region_1
TAACCGCCCGCAGTGC-1,Region_1
GCCTATTTGCTACACA-1,Region_1
TTGACGATTCAGCACG-1,Region_1
TTAAACCGGTAGCGAC-1,Region_1
ACCGAAAGGGCCCTGC-1,Region_1
ACGTTCCGCGCTCCGT-1,Region_0
ATACCAGGCTAATAGA-1,Region_2
CGGCTTTGTATGATAA-1,Region_1
CTTGACCCGAAAGATA-1,Region_2
CGCAGAAACATTTGCG-1,Region_1
GACCCGTCGCCGGCTA-1,Region_0
AATCGGGACACTACGA-1,Region_1
GTCACAAAGTTTCCAA-1,Region_1
TATATTCGCGTCGATA-1,Region_1
CCTCCCGACAATCCCT-1,Region_1
CGACATGCGATCTTCT-1,Region_1
AACACGACTGTACTGA-1,Region_1
CCCAACCACACTAACA-1,Region_1
CACCGCCGACCAGCGA-1,Region_2
TGGTATCGCATCCCAA-1,Region_1
CAGAGTGATTTAACGT-1,Region_3
ATTGACGTAACTCGGT-1,Region_1
GATGTCGGTCAACTGC-1,Region_1
AGGGCAGCGGCGTGGT-1,Region_1
CTGCCTAGCCACCAAG-1,Region_1
ACGAGATATTTGCTTA-1,Region_1
GACTACAATTGCTCGT-1,Region_1
ACTCTCTTATACACGA-1,Region_2
CGCATCATGGCTTCAG-1,Region_1
CGGCTCTTCGTCGAAC-1,Region_1
ATTCTTCGTACTTATG-1,Region_1
AGTGAGGGTTTCTGAC-1,Region_1
GCCAGGCGTTCGCATG-1,Region_1
GACTAACACAGCACCT-1,Region_1
CAATGGAATCTACATA-1,Region_1
GTGGTCAGCGAAGTAT-1,Region_1
ATGGCTGGAAATGGCC-1,Region_1
ATCAGGTCGCCATTGC-1,Region_2
TATCACCATGTAAAGT-1,Region_1
AGCGCTTATGGGCAAG-1,Region_1
AAGCGGCGTCATGGGT-1,Region_1
ACTAATACGTCAGGCG-1,Region_1
GGCTGAGCATCGTAAG-1,Region_1
CGGTTGGGTTCAAGTT-1,Region_1
GACTGATTGGTCACAA-1,Region_1
AGACGGGCCGATTTAA-1,Region_1
ACCAGTGCCCGGTCAA-1,Region_1
GTCCTTTAATGACTTC-1,Region_2
CCTACAAGTCCGGAAT-1,Region_2
GCCTGCTACACTGAGA-1,Region_2
GACTCGGTCGGCGGAT-1,Region_2
CTAGACATATATGTAG-1,Region_3
TCGCCCAACTGACTCC-1,Region_3
AAACTAACGTGGCGAC-1,Region_3
AACTGAGGTCAGCGTC-1,Region_2
ACAATGATTCTTCTAC-1,Region_3
ATAAGTACCCGATTGT-1,Region_1
ATTGGGAGTTCTGTAA-1,Region_2
CGAACATAGTCAGAAA-1,Region_1
TAGCTCAGATCCTAGT-1,Region_2
GTGTCGTATTCACCTT-1,Region_1
CTCACCGATCCAAACT-1,Region_2
ATATGTGCACAAACCA-1,Region_2
CAGTCCAACGCCTTCT-1,Region_2
TCGTCCGGGTACACTC-1,Region_2
GCAGAAACGTAATCCA-1,Region_2
TTCGAGCCGGCGCTAC-1,Region_2
GGAAGATAAGACTGTA-1,Region_2
ATAAGCAAACACCGAG-1,Region_2
GCATAAATTGAACGCC-1,Region_3
CGCCGGTGTCGCAGTA-1,Region_2
GACCTGGTCTGGGCGT-1,Region_1
AGCCGCTTGATTAGCG-1,Region_1
CCCGGCTAGGTGAGAA-1,Region_1
CGAGCCGAGCACTCGA-1,Region_1
TAGTGCTTGAATCCTT-1,Region_1
CAACCGCACCTAGACA-1,Region_1
ACCACTGTTCAAGAAG-1,Region_1
AGATGCTATAACGAGC-1,Region_1
AATTACTCGTACGCTC-1,Region_1
CGTCAATCTTTAACAT-1,Region_1
CCAAAGCAGTTGGTTG-1,Region_1
CCATATTGGATCATGA-1,Region_1
CGTACCGAAAGTCTAG-1,Region_0
CTCGAGATCCAAAGCA-1,Region_1
TGGATAGAGTAACAGA-1,Region_2
TCACAGATCCTCAAAC-1,Region_1
AGAGCTACGAAAGCAT-1,Region_0
TGCGTGATTGGGTGTC-1,Region_0
CACATGTTTGGACATG-1,Region_0
TTCGCATCCGGAAGCA-1,Region_0
CCCTAGTGTCAGGTGT-1,Region_0
TTACCGCCTTAGGGAA-1,Region_0
CCAGTCCATTATTCGA-1,Region_0
CGTAAACGCTTGAGTG-1,Region_0
ATTCCTTCCAGGCGGT-1,Region_0
TTCCTTTCTGTGTTGC-1,Region_2
AGTTGACATCGGCTGG-1,Region_1
AACTCGATGGCGCAGT-1,Region_0
GATAAGGCAGATGCAA-1,Region_1
GGCTGGCTAGCTTAAA-1,Region_0
CCTCATGCAGCTACGA-1,Region_1
GACGCCTGTTGCAGGG-1,Region_0
TAATTAGATGGATATG-1,Region_1
GAGGGCATCGCGTATC-1,Region_1
CTTGTGAGTCTTTGAC-1,Region_1
TCAACACATTGGGTAA-1,Region_1
ACTGTATACGCGAGCA-1,Region_1
GTGAAACGTGCTCCAC-1,Region_1
CGAGTGCTATAGTTCG-1,Region_0
GTACTGCATGAAGCGT-1,Region_1
GTAACTTGCGGCAGTC-1,Region_0
GAATCGCCGGACACGG-1,Region_0
GGGAGTAATGGCTGGC-1,Region_0
CATGAACCGACATTTG-1,Region_2
TCTGTCATACAAGAGC-1,Region_4
GTCGTCAATTATAAGG-1,Region_2
TAAAGAGCCCGAAACC-1,Region_2
GTACTGAGGTCGTAAC-1,Region_2
AAAGACCCAAGTCGCG-1,Region_2
CGTCAGTGCGCACAAG-1,Region_2
TGTATCCTTATTCCAT-1,Region_1
ATTCTCGTCTCTTTAG-1,Region_1
AAAGTCACTGATGTAA-1,Region_1
TGTCTACAGTTTCTGT-1,Region_1
TTAACGTCGCAAGACC-1,Region_1
CTATGTCTATTGAAAC-1,Region_2
TCGGGTGAAACTGCTA-1,Region_1
TGTCCCGACATAGCAC-1,Region_0
ACAGCATAGAGCCAGT-1,Region_0
ATATTCCCACAGGTCA-1,Region_0
TTGGATCGACTTCTGG-1,Region_0
CACCATCGGAGGAGAC-1,Region_1
TCGTTCGTTATTATGT-1,Region_1
CTTAACTTCGAAGTAC-1,Region_1
GCACAAGTGTCGGAAG-1,Region_1
TACCAGCTAGGTTTAA-1,Region_1
ACGTACAGATTTCTCT-1,Region_1
AATTTGGTTCCAAAGA-1,Region_3
GTAAGGATTTGTCGGA-1,Region_0
CATCATCTACCCGGAC-1,Region_4
ACGATGGATCCGATGC-1,Region_0
CACTCAGCTCTTGAGG-1,Region_2
TAGATCCGAAGTCGCA-1,Region_2
TGAAACTTATGCAAGC-1,Region_1
GCGATTCTGGAAGCAG-1,Region_3
CAAACTATTGAGCTTC-1,Region_1
ACAGCGCACCCGCAGC-1,Region_1
GGTAAATGTGCGTTAC-1,Region_1
GTCCTTCTAGTGGGTT-1,Region_1
GGAAGCTCGCTTACAG-1,Region_0
CAGCCGGGCCCTCTAT-1,Region_0
CGGAGCTTATAACACC-1,Region_1
ATTACAACTACCGGCC-1,Region_1
TCCTCTGGCCCATTAG-1,Region_1
CGGCACCGTTAGCGCC-1,Region_1
TCGGTCCCTGACTCCA-1,Region_1
TGGTTGGAGGATCCTG-1,Region_0
CTGCGGTAGTCACGTG-1,Region_1
GTGCCTCAGTGTACGG-1,Region_0
ATCGTTCACTTTCGCC-1,Region_1
ACTTACCGGGCGCGCA-1,Region_1
CTAGACTGCATTTCGT-1,Region_1
TTGCCGGTGATCCCTC-1,Region_1
CTGTCACGCCAGGCGC-1,Region_1
CGGTATAGGTATTAGC-1,Region_1
CCAACGCTTGCCAGGG-1,Region_1
CGTTGAGTAATTGCGT-1,Region_1
TGTATTTACCTAATGC-1,Region_1
TAAATGCCGTCTCATG-1,Region_1
CGGTTTATGAAGGAAC-1,Region_1
GCAAGATGTGTTCGCG-1,Region_0
AAAGGTAAGCTGTACC-1,Region_2
GTACGTCACGTATTAA-1,Region_2
AGTACCTTCGAGTGCT-1,Region_2
ATTGTGACTTCGCTGC-1,Region_2
TGTATCAGACTGAAGC-1,Region_2
GAGACCCTGCAACGCC-1,Region_1
TGGGTGGGATGTCATT-1,Region_1
GGCTAATGATTGAAAT-1,Region_1
ATAACGTTACCTCCAC-1,Region_1
TGCGAGATGGCGGCCA-1,Region_1
CACACTTGTATTGCGA-1,Region_1
GCTGGTGACTCGTAGT-1,Region_2
CGACACCGCTTAAGGA-1,Region_2
GTAACAACTGACCTTG-1,Region_2
CAACTGAGGGTATGAC-1,Region_2
CTAATTATGAAGCGTA-1,Region_2
CCGATCTTAAGAGGCT-1,Region_2
CGACTCGGTACACGGT-1,Region_2
TGCTGCGTCAGAGTTA-1,Region_2
AGAGTTGCAGGCCTCC-1,Region_3
ACTGGCGAACCTGCGT-1,Region_3
ACTAAGGACGCACACC-1,Region_2
CGTCCAGATGGCTCCA-1,Region_1
ACTATCGCCGGCTAAA-1,Region_1
GATAGCGTACCACGCG-1,Region_1
AGGACTTATAGGAGAA-1,Region_1
TAGTCGGGATTCTTCG-1,Region_1
ACCATTAAGGGTGTCA-1,Region_1
TTAATGTGTTTGCAGG-1,Region_1
TCCGCAGCCACCTAGC-1,Region_1
GAGGAGATCCTCATGC-1,Region_1
GGTCCTTCATACGACT-1,Region_1
CCCTGTTGGCAAAGAC-1,Region_1
GTGCCTAGCTATGCTT-1,Region_0
GTCATCTCCTACAGCT-1,Region_0
GCGAGAAACGGGAGTT-1,Region_0
CGTCGCGGCGGGATTT-1,Region_3
CATTGTGTGCTAGATC-1,Region_1
CGCGGCAGTATTACGG-1,Region_1
GAAATGGGATGTAAAC-1,Region_1
CATTCCCTAAGTACAA-1,Region_2
AGTTCTGCGTTGTATC-1,Region_1
ACCCTATAGGACTGAG-1,Region_2
TTAGATAGGTCGATAC-1,Region_1
ATTGATAGCAACGAGA-1,Region_2
TCTCGGCTCCAGGACT-1,Region_1
CTTGAGGTTATCCCGA-1,Region_2
AAGAAGGATCAGTTAG-1,Region_2
GTACGACGGCGCTGCG-1,Region_2
CTTATGTTGACTACCA-1,Region_2
CGGCACTCAAGAAAGT-1,Region_2
GTCAAAGTTTACATAG-1,Region_2
CTCCTAAGTTATGTCT-1,Region_0
ACTGTGCTAGTAGATC-1,Region_0
GTTTGGCCGCTCAGCG-1,Region_1
TTATCCAATCGAACTC-1,Region_1
CCGTACCCAAGCGCCA-1,Region_1
CATACAAAGCCGAACC-1,Region_1
GGTCGGTAATTAGACA-1,Region_1
AGCGGGAAGGGTCCAT-1,Region_1
GCCCACCAAGGCTGTC-1,Region_1
GTAGACGTCGTTACAT-1,Region_1
GAGCATCATCCCTGGG-1,Region_1
AGGTAACCTCCTATTC-1,Region_1
GGTTTGAGTGCTGGAA-1,Region_1
GCACTAGTCGCGCTAT-1,Region_1
GGTAACTATGTATCTG-1,Region_2
GCGGTCCCTAGACGCA-1,Region_1
CGAGCGTTGATCAGCC-1,Region_2
AATCCAAGGGCCTGAG-1,Region_1
CCGTGCCCATGACGGC-1,Region_2
GAAATTCACATCGCTG-1,Region_0
CTCTGCGAAGCAAGCA-1,Region_1
AGTAGGTAACATACAT-1,Region_0
ATTGGGAATATCTTGG-1,Region_1
TAGAGCTACGAAGAAC-1,Region_2
TGCGGCATAGTTCAAC-1,Region_2
CCGCCGGTCAACACAC-1,Region_0
TCGTATAGTGCAATTA-1,Region_1
TAGTTTATTCTTGCTT-1,Region_1
GATATCTCATGCAATA-1,Region_1
CGTTTAAGCGGAGCAC-1,Region_1
CATGCTGGCTCCAATT-1,Region_1
GAAACAGCCATGCAGT-1,Region_1
AGTTTCGCAGGTCGGA-1,Region_2
CTCATGGCTCACAATC-1,Region_1
AACCGTTGTGTTTGCT-1,Region_1
ACCCTTCATCTGCGAA-1,Region_3
TGCGGTGAAATTTCAT-1,Region_1
CAAATTGTCAGCAAGC-1,Region_1
GAGGTACATCCATCTT-1,Region_1
AAATGGCATGTCTTGT-1,Region_1
TTCAAGCCGAGCTGAG-1,Region_1
TTAAGCCGACAACTTC-1,Region_1
TGGGTAAGGTTCCCGC-1,Region_0
CTACGCCATTTCCGAT-1,Region_3
GACCGTCAGGTCGTGA-1,Region_0
TAGTTAAGATAGGATA-1,Region_0
GAATATTCGGAGTCCC-1,Region_3
CAAACTACGATAGAGA-1,Region_0
CAGGAAGACTTTATAT-1,Region_3
TTCGTAATCCCAGCGG-1,Region_0
GTGAGGAGCGGTTGAG-1,Region_2
CAATCCCTATACCAGC-1,Region_0
AGGGAAACGAGGTACT-1,Region_0
TCCTGCCAACTGGAGA-1,Region_0
AATTTGGGACATAGTA-1,Region_2
AACTCCTAATCCCATG-1,Region_2
GCTCATTACTGCATGT-1,Region_2
TCTCGAACGAGGTCAC-1,Region_1
TCACTACGACCAATGC-1,Region_1
GTGATGCACAACATCT-1,Region_1
CCGACGTAAACACAAC-1,Region_1
TGGGATGCACTCATTC-1,Region_1
TTCCATCATGCGGTGA-1,Region_1
TGCACAGTGAAGTTAT-1,Region_1
CTATTGTGTTTGGTCA-1,Region_1
TGCGAGCCCTTCCGCG-1,Region_1
TTGAAAGGTGTAAAGG-1,Region_0
GGTGCAGAGCCTATCG-1,Region_1
ACTATATGCTGTGTTC-1,Region_2
TCCTGGCGCTGCCTGG-1,Region_2
GAGCCGAGCGTTTATT-1,Region_2
AGAATGCGGGTTCGGA-1,Region_0
ATGCGACAATTGGTCC-1,Region_0
TTCCGGCTCGACTTCT-1,Region_0
TGATTATGGCACGCAG-1,Region_1
GGTTTGACAAGAAGCT-1,Region_0
GCAGCTATGGACAGGT-1,Region_1
CACCATGATCGCAAAG-1,Region_1
GTCGGAAGGATACCAG-1,Region_1
GGCCCAGTTATCAGCA-1,Region_1
GGGCCTATTTAAGTAT-1,Region_1
GTTGTTACATTGCGCT-1,Region_1
CAACTCCGTAACTTGC-1,Region_1
GATCTTTGCTCAAAGA-1,Region_1
TCGCTTAATTACGAAG-1,Region_0
CGATCATTAGAGGCAC-1,Region_1
TGTTCTCTACTCCCTA-1,Region_0
GCTTAGGGAAGCGGTA-1,Region_1
CAGGTTTAGTACTACA-1,Region_3
AAGCGGAGTGCGCGCA-1,Region_0
TCAGATGGAGACGTAG-1,Region_2
TCGCACTAACGTTTGT-1,Region_1
CACGTCGGGTTCTAGA-1,Region_1
GGAGTACACATGAGCT-1,Region_1
GTGTGTCGACGTCGCT-1,Region_1
GAAGCTCTTTGCTTAG-1,Region_1
ACACCGAGCGCTCTTT-1,Region_2
CGTAATAATTACGAGT-1,Region_1
CATCAACACCTACTAA-1,Region_0
CCAAGTTTCTACAGAT-1,Region_2
ACGGGTCATGTGACTT-1,Region_2
AGTGTGCTAAGATCGC-1,Region_2
GGCGGTTTGCCGGTGC-1,Region_2
GTATAATCTCCCGGAT-1,Region_0
TAGTCCGTATGCATAA-1,Region_2
CACTTCGTCTTATCTC-1,Region_0
CATCCGCAGGCCCGAA-1,Region_2
CCCTGATGTAACTCGT-1,Region_1
CCATAGTCAGTAACCC-1,Region_0
CGGGCCATAGCCGCAC-1,Region_1
CTCCGGCTTGTAGACA-1,Region_0
AACTTGCGTTCTCGCG-1,Region_1
AATGAGTTCGCATATG-1,Region_0
CGAGGCCAGGCATTGG-1,Region_1
TCTGCGTCCGGTTTCT-1,Region_1
CAATCCTGCCGTGGAG-1,Region_1
CTGAGCAAGTAACAAG-1,Region_1
GGGTACCCACGGTCCT-1,Region_1
ACGGAATTTAGCAAAT-1,Region_1
GGGCGGTCCTATTGTC-1,Region_0
ATGTTACGAGCAATAC-1,Region_1
AACCATGGGATCGCTA-1,Region_0
TCGCATCCCTAAGTGT-1,Region_0
ACTTAGTACGACAAGA-1,Region_0
GAGCTCTCGGACCTAA-1,Region_0
TCTATTACGCTGGCGA-1,Region_1
AGATACGACTTCATAT-1,Region_0
CGCTATACCGCCCACT-1,Region_1
CAGTGTCCGCAGAATG-1,Region_1
CCATCCATACCAAGTC-1,Region_1
AACCCAGAGACGGAGA-1,Region_1
GAAGAACGGTGCAGGT-1,Region_1
GATAAATCGGTGGATG-1,Region_1
CAGCTCGTGCTTGTGT-1,Region_1
GAGTACGGGTATACAA-1,Region_1
CATCGCCCGCGGCCAA-1,Region_1
TCTTACAGAGGTACCG-1,Region_1
TGGAAGACGAACACCA-1,Region_1
GTTGTCGTGTTAGTTG-1,Region_1
CCAAGGAACAGAGAGG-1,Region_1
CTGCACCTGGAACCGC-1,Region_1
CGCTTTCATACCGGTG-1,Region_1
GTTCTTCCCTCGATGT-1,Region_2
ATTTAACTCGTATTAC-1,Region_2
AACGATAGAAGGGCCG-1,Region_2
TATCCTGCATGGGAAT-1,Region_2
AGGCCCATTGTACAGG-1,Region_2
CCGGCGCATATTGGAT-1,Region_0
ATCTGTAATTGTACCC-1,Region_1
GAGCGAGGGAGTACCG-1,Region_1
TTATTAGGGAAGCATC-1,Region_0
CTTCTTACGTCGTATA-1,Region_0
GAAGTGCTGGATAGCT-1,Region_2
GTGCAACAAATGTGGC-1,Region_2
CATGCGTTAGACAGAA-1,Region_2
ACACACTTTCTACACG-1,Region_1
AGCCCTAAGCGAAGTT-1,Region_2
ATTAATTCGGTCACTC-1,Region_1
AACAGGAAATCGAATA-1,Region_1
ACGTTTAGTTGTGATC-1,Region_1
TCCTTCAGTGGTCGAA-1,Region_1
TGGGCACGTTCTATGG-1,Region_1
ACTATTCGTCCGTGGT-1,Region_1
CCTCTGGCCTAGACGG-1,Region_3
CCATAAACAACCCGAC-1,Region_0
CATAGTACATTGAGAG-1,Region_3
ATTTCATTATTTCGCG-1,Region_0
CAACTATATCGAATGC-1,Region_3
CTAGTATTCGGAATTA-1,Region_3
GTGGAACCTACATGCG-1,Region_2
CCTAAAGGCTGACGCT-1,Region_3
CGTGACATTGGGTCGT-1,Region_2
CCAATCGGTAGATCGA-1,Region_2
ATTGTCGCAATACCTT-1,Region_2
AAATTACACGACTCTG-1,Region_3
CACTCCTCTCGGTCGG-1,Region_2
AAATAACCATACGGGA-1,Region_2
AGTTACTCTATCGTGG-1,Region_2
CGTTAGCTCACAACTG-1,Region_2
GAATGTATGGCAGGTC-1,Region_1
GCAACCACCAGACCGG-1,Region_2
TCACTCGTGCAACGGC-1,Region_1
AAACAGAGCGACTCCT-1,Region_1
CAGCCTCTCCTCAAGA-1,Region_1
TTGCGTGAACGCTTAG-1,Region_1
CCGCCTGCGAATTGGT-1,Region_1
AGATGAGGGTTGCGAT-1,Region_1
CGGTGGGCTCCAGCCT-1,Region_1
GGCAGCGGTAATCCTA-1,Region_1
GCTAGCAGGGAGTGGG-1,Region_1
CTCAAGACATTAGCGC-1,Region_1
CACGGCGCGCCAAAGG-1,Region_1
TGCAATTTGGGCACGG-1,Region_1
ATGCCAATCGCTCTGC-1,Region_0
GCTGGACCCAAAGTGG-1,Region_2
ATTCCTAAGACGTGGA-1,Region_2
TCCGGAGGAAGGGCTG-1,Region_3
TCGGTGACCGCTCCGG-1,Region_2
TCCGAAGTAGTCACCA-1,Region_1
CATGTAGGAGCGCCAA-1,Region_1
CACAAGAAAGATATTA-1,Region_1
AGGGTCAGTAACCCTA-1,Region_1
TAAGCCCTTACGACCA-1,Region_1
ATACCGTCATCCATAA-1,Region_1
GGACGTCCATAGTTGG-1,Region_1
CATCAAACTGGCGCCC-1,Region_1
AAACGTGTTCGCCCTA-1,Region_0
AAATTGGTGAGAAGCA-1,Region_1
GGTCATTGTAGTCATA-1,Region_0
TGCAGTGAGGCTCGGG-1,Region_3
GAACATTAGTATGTTA-1,Region_0
GGTTTGCGAACACGTA-1,Region_3
ACACAAATATTCCTAG-1,Region_3
TTGGGTTTATTCAGCG-1,Region_3
ATTCGCAGAGGACACT-1,Region_0
GATTTAGTGCGTACTG-1,Region_2
TAGAAACACAATAGTG-1,Region_1
CAGTAGATGATGTCCG-1,Region_1
TCTTAACTCGGATGTA-1,Region_1
TACATCTTGTTTCTTG-1,Region_0
TTCATAGGGTGTCCAT-1,Region_1
TGAAGTAGCTTACGGA-1,Region_2
GCACAAGTGGATCATA-1,Region_0
GGGCGAATTTCTCCAC-1,Region_2
ATGTTCCTGCCCACCT-1,Region_0
GCTCAACCTCTTAGAG-1,Region_4
ATAGCTGCTCTTGTTA-1,Region_4
CGTCAGCTATTTACTC-1,Region_1
ATCTGATAGTGTCTTA-1,Region_2
TGCACTATGTGAGTGC-1,Region_1
CCGACAAACACATGAG-1,Region_2
GCCTTGTATATGCAGT-1,Region_1
ATAATACCGTTAGCCG-1,Region_2
ACACTCCAATGTCACT-1,Region_3
AGTTGCTGACTGATAT-1,Region_2
GGCGCTCCTCATCAAT-1,Region_1
TGCCTGACATCGGTCA-1,Region_0
TTGGCCATCTTGCGCT-1,Region_1
CAGTGGTTGCACATGA-1,Region_1
AGAATTGTTTGACATA-1,Region_1
AAATGCTCGTTACGTT-1,Region_1
CACCTAATAGAGTCGT-1,Region_1
CATTTCTAGCAGACTA-1,Region_1
CCGAAAGTGGTGAGCA-1,Region_1
AGTCAGCCACCGCCTG-1,Region_1
TCATCACTCGAGCTCG-1,Region_1
CTCAGGACTCACCTGT-1,Region_1
CGGTGTACTTGATCCC-1,Region_1
CCTACGGCTCAGTCGA-1,Region_1
GTACTTGGGCACTTCT-1,Region_0
TGATTTCCTCCTGACG-1,Region_2
CCTCACCAATCTTGAC-1,Region_1
GGTGAGATGCAGATAA-1,Region_0
GCTAGTTTCATTGAGG-1,Region_1
AGGACATCGCACGTCG-1,Region_1
GTGGACGTGCTGAGAC-1,Region_1
TAAGGAACTTGTGGGA-1,Region_1
TCGCTGTGCGTAAATC-1,Region_1
GCATCCCTAACTTTGA-1,Region_1
CACCCACACGTCACCC-1,Region_1
CCCTCATTCTGGAATT-1,Region_1
AGGGCGTGATCGGCTA-1,Region_1
GGTGCGGATAAGTGGC-1,Region_1
TAATATTGAAATTCGC-1,Region_1
CTTACACTGGGAAATA-1,Region_1
ACCAAGAACGCGTGTC-1,Region_1
GCCTTCAGCCCTACCG-1,Region_1
GATGCTACAAGCGCCT-1,Region_2
CCGGGACCCGCAGAGA-1,Region_2
GTTCCAGTCTGACCAT-1,Region_2
ATGATCGGGAATAGAC-1,Region_2
TTGGATTGGGTACCAC-1,Region_0
TACCTCACGCTTGTAC-1,Region_0
CATGGCAGGAAGATCG-1,Region_0
ATGACGCCGGCTCTAA-1,Region_1
AGCGACATCCCATTCA-1,Region_0
AGTAATGTCTTGCCGC-1,Region_1
TTCTTAGTGGCTCAGA-1,Region_0
CGTCTGGAAGGGCCCG-1,Region_2
ACGTGCGCCTCGTGCA-1,Region_0
AGAGCGGGCTAATCAT-1,Region_1
GCGTCGAAATGTCGGT-1,Region_2
AACTGATATTAGGCCT-1,Region_1
CGAGCTGGGCTTTAGG-1,Region_1
GGGTGTTTCAGCTATG-1,Region_1
TTAATTTCAGACGCGG-1,Region_1
ACTGCCGTCGTAACTC-1,Region_1
GTGCACGAAAGTGACT-1,Region_1
ACGCCAGATGATTTCT-1,Region_1
AGCTATTTAATCCAAC-1,Region_3
CCACGAGAAGAGAATC-1,Region_2
GATTCCGCGTTTCCGT-1,Region_3
GTCGGATGTAGCGCGC-1,Region_1
TATTTATACCGAGTAG-1,Region_1
GTAGGTGATCCGTGTA-1,Region_1
AGTTAAGCGGTCCCGG-1,Region_2
CTGGCGACATAAGTCC-1,Region_1
TTGGCCTAGAATTTCG-1,Region_2
GGCATATCGGTTCTGC-1,Region_1
GGGCGTCCACTGGCTC-1,Region_2
TTACCCATTGCCGGGT-1,Region_2
TTAGACACGATCGTTG-1,Region_2
GCGCTGATCCAGACTC-1,Region_2
TTCGGCAACCCGCTGA-1,Region_1
GATATTTCCTACATGG-1,Region_1
CTGCGTTACGATATAA-1,Region_1
TAATAAACAAGGAGAT-1,Region_1
AACCTTTACGACGTCT-1,Region_1
AGTCCCGCCTTTAATT-1,Region_1
TGAGATTAGGCCCTAA-1,Region_1
AGTGTATTGCGCATTG-1,Region_2
GTTGGATTCAGTGGCT-1,Region_2
TAAAGCTGCAATAGGG-1,Region_2
AGTAGGAAGGAAGTTG-1,Region_2
TATCACTTCGAGTAAC-1,Region_0
TGATCTACGCTGATCT-1,Region_1
GGATCATCCCGTACGC-1,Region_0
TGACACTTCTCTTTGC-1,Region_0
AGCCCTTCTAATCCGA-1,Region_0
CACCGCGTCCACTCTA-1,Region_3
TAATTGGAATCGGGAA-1,Region_3
TCGTAAGCTCCGAGGA-1,Region_0
TATATTACAAATGTCG-1,Region_3
CGCGAGAGGGACTTGT-1,Region_1
GGACCTACGGTAACGT-1,Region_2
GAAATATGCTTGAATG-1,Region_2
CCGTATTAGCGCAGTT-1,Region_2
AGGCGTCTATGGACGG-1,Region_2
AACATCGATACGTCTA-1,Region_2
TGAATATGCTATAAAC-1,Region_0
ACCAAACACCCAGCGA-1,Region_3
TGGCTTGTACAAGCTT-1,Region_1
GAATGAAGGTCTTCAG-1,Region_1
AGATACCAGCACTTCA-1,Region_1
GCGGTCCCGGTGAAGG-1,Region_1
GAGGCATTTGCAGCAG-1,Region_1
GGCAAGCCAGGGATAG-1,Region_2
TCTACGGGCTCAGTTG-1,Region_2
TCTGCGAATCGTTCGC-1,Region_2
AGCTCGTTGATGGAAA-1,Region_3
TGAATGAGATACAGCA-1,Region_1
ACCCTTGCCTGGGTCG-1,Region_2
GGCGAACCGTTCTGAT-1,Region_0
GCGATGTCTGTGCTTG-1,Region_1
ATTAACACCTGAGATA-1,Region_1
GAAATCTGACCAAGTT-1,Region_2
CCTGACAAACTCGCGC-1,Region_4
ATGTCATTTCCCATTG-1,Region_2
GCGGTGCGGAGCATCG-1,Region_1
CGGAAAGCAAATGTGC-1,Region_2
GCTGAGCAACGGTTCT-1,Region_1
TCACTCTTCGTCTGTC-1,Region_2
GATCTTCATTGTCCTC-1,Region_1
ACTCGATGTATTTCAT-1,Region_2
TGAAGAGCGGTCCTAG-1,Region_2
TAAACGTCGTCAATGA-1,Region_0
ACGTTATTGGTCACTC-1,Region_1
ATAGCCTCAGTACCCA-1,Region_0
CGGGAGTATACCGCCG-1,Region_3
GTCCTACAGGCGGCTC-1,Region_1
CGGATAAGCGGACATG-1,Region_2
AACTTCTGCGTCTATC-1,Region_1
GGGTTCAGACGAACAA-1,Region_3
AGTCTGGACATCCTTG-1,Region_1
TTGAACGAATCCTTTG-1,Region_2
GAAATACTAAACGTTT-1,Region_1
CCCGCGCAATGCACCC-1,Region_1
TTCGGCTAGAGATGGT-1,Region_2
GACACGAGTTAGAGGA-1,Region_1
GAGGTCCCAAAGATCT-1,Region_2
TAACTCCATGGAGGCT-1,Region_1
CTTGTTTATGTAGCCA-1,Region_2
GATGGCGCACACATTA-1,Region_4
ATAATAGTGTAGGGAC-1,Region_1
CGCTATTCAATGTATG-1,Region_4
ATATTGCTGTCAAAGT-1,Region_1
GGATTCAGTACGGTGG-1,Region_0
TTCTTAGTGAACGGTG-1,Region_0
AATGGTTCTCACAAGC-1,Region_0
TATACACGCAAAGTAT-1,Region_1
CTTCATAGCTCAAGAA-1,Region_1
CAACGGTTCTTGATAC-1,Region_1
ACACCCGAGAAATCCG-1,Region_1
TCTATCATGCAGTTAC-1,Region_1
CCCGCCATGCTCCCGT-1,Region_1
CGCTTCCACTGAAATC-1,Region_1
CACTGTCCAAGTGAGA-1,Region_1
ATTACTAGCCTCTTGC-1,Region_1
CATAGTAGCATAGTAG-1,Region_1
CAACTCCTTGATCCCG-1,Region_1
AAGTAGAAGACCGGGT-1,Region_1
GCGGGAACCAGGCCCT-1,Region_1
ATTAGATTGATAGCGG-1,Region_1
CTCGGTCCGTAGCCTG-1,Region_1
TGGCTTTGGGTAGACA-1,Region_1
TATCCATATCATGCGA-1,Region_1
GGAGTGCCGCCCTGGA-1,Region_1
TGAGAATGCTTTACCG-1,Region_1
TTAACCAACCCTCCCT-1,Region_1
TGTTTCGGTACTTCTC-1,Region_1
TTGCTGAAGGAACCAC-1,Region_1
TATTTAGTCTAGATCG-1,Region_2
CTCCGGCCTAATATGC-1,Region_2
TTGTGGCCCTGACAGT-1,Region_2
TCGCCGGTCGATCCGT-1,Region_2
CCATAGGTTGGCGTGG-1,Region_0
GAACGACCGAATGATA-1,Region_2
TCCGATAATTGCCATA-1,Region_0
CATTACGTCGGCCCGT-1,Region_2
CAAGCACCAAATGCCT-1,Region_0
TGCATGGATCGGATCT-1,Region_2
GAAATCGCGCGCAACT-1,Region_0
CTGAAAGAGATCCGAC-1,Region_2
CACCTCGATGGTGGAC-1,Region_1
ATTTGTTCCAGGGCTC-1,Region_2
TGGGCCACAAGAGCGC-1,Region_0
CCTTCTTGATCCAGTG-1,Region_3
CCTCGCCAGCAAATTA-1,Region_0
TTCATGGCGCAACAGG-1,Region_0
TTAATCAGTACGTCAG-1,Region_0
CCTATCTATATCGGAA-1,Region_0
ATTATACTTTGCTCGT-1,Region_1
ATGGATCCGGCGTCCG-1,Region_0
CGCCCGCTTCCGTACA-1,Region_0
GGATTCCGCTATACCC-1,Region_0
CGGTCTATCAACCCGT-1,Region_1
ATGCCGGTTGATGGGA-1,Region_1
TCATGCAGGTTCTCAT-1,Region_0
TGAGCTTTAATGACGC-1,Region_1
TCCCTTAGATTACTCG-1,Region_2
ATATCTCCCTCGTTAA-1,Region_2
AGCTCTTCCCAGTGCA-1,Region_2
TCGCTAAACCGCTATC-1,Region_2
CACATTCTTTCGATGG-1,Region_3
GATATGCGGTAGCCAA-1,Region_3
CGTTTCACTTCGGGCG-1,Region_3
CCAATTACGGGTCGAG-1,Region_1
GCAGGTAGAGTATGGT-1,Region_2
GTCGTATTGGCGTACA-1,Region_1
GAAATTAGCACGGATA-1,Region_2
AATGCACCAAGCAATG-1,Region_2
AGGACGCTCGATGTTG-1,Region_3
GGCTAAAGGGCGGGTC-1,Region_3
CATCTATCCCGTGTCT-1,Region_3
CAGTAACTATTTATTG-1,Region_2
CATATACTACTGATAA-1,Region_2
GCGTTCGGAGACCGGG-1,Region_2
AAGTTCAGTCTGCGTA-1,Region_2
CGAAGCTATAAATTCA-1,Region_2
CGCGGTCACAAACCAA-1,Region_3
GGGAATGAGCCCTCAC-1,Region_3
ACGGAGCGCAAATTAC-1,Region_1
CGTTCTTCGCACACCT-1,Region_3
GAATAGCCCTGCGGTC-1,Region_3
AATAGCTACCGCGTGC-1,Region_0
CCGAGCTGTGCTTGTC-1,Region_2
GATGACGATGATCGCG-1,Region_2
GCCTATGCTGGGCCTT-1,Region_2
TTACTGTCTAGAGCTC-1,Region_2
AGCGGTTGCCGCTCTG-1,Region_2
GCTTGCAGCACAATTG-1,Region_2
CCGGAGGTCTTATGGT-1,Region_2
ACAGTATACCGTGGGA-1,Region_2
GGGATCCCAATACAAA-1,Region_2
ATTACGACTCCACAGT-1,Region_2
CTCACACGCAAGCCTA-1,Region_2
CCAGATGTAAATGGGT-1,Region_2
GAACTTGTGCACGGGA-1,Region_0
AAGCCGCTTTACCTTG-1,Region_3
TCCATTCCCACTAGAG-1,Region_0
AGAGCGCTTGTAACGG-1,Region_2
AGTTCACCGGTTGGAC-1,Region_3
TGGACACCGTTGCTTG-1,Region_1
TTCTGTTTCCTGTCGC-1,Region_1
GATCGGCGATAAGTCG-1,Region_1
TCCGTAACCACAATCC-1,Region_1
GAATGCCGAAATGACC-1,Region_1
TATACTCATGCGGCAA-1,Region_1
TAGTGTCAGAAACGGC-1,Region_1
CGTCATACCATATCCA-1,Region_2
TAGTACCTTAGTGGTC-1,Region_2
CTGGCGGGAATAAGTA-1,Region_2
AGTGTGGTCTATTGTG-1,Region_2
GCTATCGCGGCGCAAC-1,Region_3
CAGTAATCCCTCCCAG-1,Region_0
GTATTAAGGCGTCTAA-1,Region_0
CTAATTTCAACAACAC-1,Region_0
TTAGCAACATGGATGT-1,Region_1
ATGCTCAGTGTTGCAT-1,Region_0
GATGTTTGTGCGAGAT-1,Region_1
CACTTCGCCACAGGCT-1,Region_1
CTGTATGGTGTAGAAA-1,Region_1
TACGTGCACTATGCTG-1,Region_1
GTATCAGCTTGGGTTC-1,Region_1
TAACAAAGGGAGAAGC-1,Region_1
TTACATCGTGGCCTGG-1,Region_1
TCTGAACCGGTCGGCT-1,Region_1
GGCTCGTGCCACCAGC-1,Region_1
TATAAGTGAGGATAGC-1,Region_1
GCCCGCGCGTTTGACA-1,Region_1
TGCTGGTTGGACAATT-1,Region_1
GCCTAGCGATCTGACC-1,Region_1
CCATGCTCTGCAGGAA-1,Region_1
TATAAATCCACAAGCT-1,Region_1
CGCTCGACATAATGAT-1,Region_2
CCAATTGAATGTTAAT-1,Region_1
GCTAATACCGAATGCC-1,Region_1
TTCAACGACCCGACCG-1,Region_1
TTCCTCGAGGGTGTCT-1,Region_1
CAACGACCCGTTTACA-1,Region_1
CTTGTACTTGTTGACT-1,Region_1
TCTCTAATAGCTGGTA-1,Region_1
ATTATGCCATAGGGAG-1,Region_1
GACAACGCAGCTTACG-1,Region_1
AGATGACTCGCCCACG-1,Region_1
GTGCGGGTCTCCAAAT-1,Region_1
GTACGAGATTGCGACA-1,Region_1
GTATAGGACTCAGTAG-1,Region_1
TTGCACGGAGCAGCAC-1,Region_1
CACAGCTAGGGAGTGA-1,Region_1
ATACTAGCATGACCCT-1,Region_1
CCAAGACTTCTGCGAA-1,Region_1
ACATAATAAGGCGGTG-1,Region_1
TAATACACAGTAGTAT-1,Region_2
TCTTGGTAACACCAAA-1,Region_2
AACTGGGTCCCGACGT-1,Region_2
ATCACTTCATCCTCGC-1,Region_1
TGGAAGGATAAAGATG-1,Region_2
CATGATGCACAATTCT-1,Region_1
TGCCTGATCAAACGAT-1,Region_2
ATAGGGATATCCTTGA-1,Region_2
CACCTAATCAGTTTAC-1,Region_2
TGTGACTACGCCAGTC-1,Region_2
CCCGACCATAGTCCGC-1,Region_3
CGCGCCCGACTTAATA-1,Region_3
TGCCACCTGGCGAAAC-1,Region_2
CTGCCAAGGTTGGAAG-1,Region_2
TCTCCAACGTAGGTTA-1,Region_2
TTCTTGGAGTAATGAG-1,Region_2
GTCTCGATCTGCTTTC-1,Region_1
TACTCTCCGAACAAAT-1,Region_2
ATCACATTAGAATATC-1,Region_1
TACGGGATGCTAGCAG-1,Region_1
AGCTGAAGTAAACCAA-1,Region_1
CATGGGTCGGGTGTGG-1,Region_1
CACCCACGAGGCAATT-1,Region_1
TGCCATTACTAAAGAA-1,Region_3
CCGTTACGTTAGAACA-1,Region_2
GCCAGGAGTAACCGAT-1,Region_2
GGAAAGTGCCCATGCC-1,Region_2
TCTTACCGGAACTCGT-1,Region_3
TATGTCAAGACCGACT-1,Region_3
CCTAACTAAGGCTCTA-1,Region_3
GCGGTGAACTGCGCTC-1,Region_3
CCTCGCGCGATATAGG-1,Region_3
ATCGGCAAGCAGTCCA-1,Region_3
AGATCGTGCATAAGAT-1,Region_2
ATTCAGGACCTATTTC-1,Region_3
AGCTAGAAGCAGAAGT-1,Region_3
TTCGCTATCTGACGTG-1,Region_3
TTCCGCAGAGAAATAT-1,Region_1
CAGTACATTCTCTAAA-1,Region_3
GTGAAGATTTCAAGTG-1,Region_1
AACGCATGATCTGGGT-1,Region_1
CCCAGAGGAGGGCGTA-1,Region_2
GGAAACCTTGTTGAAT-1,Region_3
GTGAAGCCGTATAGTC-1,Region_3
GAGCTGTCGTCTCGGA-1,Region_3
TGTCATTTGTTGGGAA-1,Region_3
ACCAACACCACACACT-1,Region_3
AAATGATTCGATCAGC-1,Region_1
CTGCTTTATGTCCGCG-1,Region_2
GCGAGAGGCCATGTAA-1,Region_2
ATTGACCGGCGATGAC-1,Region_2
ACCCTGGTAACGCCCT-1,Region_2
GTTGGACCGCATCAGG-1,Region_2
CGTTTACAAGGCAGCT-1,Region_2
CGGTCCATGAGACTCC-1,Region_2
GTTCGTCTGGGTCCCT-1,Region_2
TGTACTACTCTCACGG-1,Region_2
AGTGAAGATGGTGTCC-1,Region_2
GAGGGCCATAATATTA-1,Region_2
ACTCCCGTAGACTAGG-1,Region_2
CGTCAAATGGTCGCAG-1,Region_2
AAGTCTAGTAGCTGCC-1,Region_1
AAGAAATCACCAGATT-1,Region_2
GAGTGCACGGACAACA-1,Region_2
GAAGCCGGGTAAGCTC-1,Region_1
TACATGACCTTATCCG-1,Region_1
TATATGCTGGGTTGCC-1,Region_1
GGAACCCGAACAAGAA-1,Region_1
CATCGTCCGGTTACTA-1,Region_1
GCAGATCCTCGCAAAT-1,Region_1
CCGAAGTATATTGTTC-1,Region_4
TCATACTTACAGATCC-1,Region_1
TAGCAACCTGTCACAA-1,Region_1
TGGGAAATGCCTTTCC-1,Region_1
AGACCATGGGATACAA-1,Region_2
TAAATGAATCCGTTTC-1,Region_2
ACAACGGTCCCTGCGA-1,Region_1
GTCACTCTCCAAATCT-1,Region_1
TTCTACTTGCGAGGGC-1,Region_1
CGCAATTACTTTCGGT-1,Region_1
CTGTTCATCTCACGGG-1,Region_1
TTCTTGTAACCTAATG-1,Region_1
GCTTGATGATAATCAG-1,Region_1
TTGGCTCGCATGAGAC-1,Region_1
GCCCAGTTGGTATGCC-1,Region_1
ATTCCTCCGCCAGTGC-1,Region_1
TCGTCCGCTGGCGTCT-1,Region_1
GGAGAAGTCATTGGCA-1,Region_2
TTGTTAGCAAATTCGA-1,Region_1
TCTAGCATCTTCGATG-1,Region_2
TTCTAGGCCAATTGTG-1,Region_2
TCACGGTCATCGCACA-1,Region_2
ATGAAGCCAAGGAGCC-1,Region_2
AATGACTGTCAGCCGG-1,Region_2
CCAAACAGAACCCTCG-1,Region_2
TATCGATGATTAAACG-1,Region_1
GAACACACATCAACCA-1,Region_1
CCCGTCAGCGTCTGAC-1,Region_1
AGCATCGTCGATAATT-1,Region_2
GACTAAGATCATGCAC-1,Region_0
TAGGGTGTTTCAAGAG-1,Region_0
TGGTTCGTAGCAAAGG-1,Region_1
CTGTTCACTGCCTGTG-1,Region_1
ATGTGCATCCGACGCA-1,Region_1
TTGTCGTTCAGTTACC-1,Region_1
CGGGATCAATGTAAGA-1,Region_1
TTATCTGTATCATAAC-1,Region_1
ATCGACTCTTTCCGTT-1,Region_1
CTCATTTGATGGGCGG-1,Region_1
GTAAGCGGGCAGTCAG-1,Region_1
TCTATCGGTCGCAACA-1,Region_1
AACGCGGTCTCCAGCC-1,Region_1
ATTAATACTACGCGGG-1,Region_1
CTTTAACTTTCAAAGG-1,Region_1
CGTACCTGATAGGCCT-1,Region_1
GAATGTTGGGTAATCT-1,Region_1
TGCGGAGTAAAGGTGC-1,Region_1
CCTGAATATTTACATA-1,Region_1
TTGCTCCCATACCGGA-1,Region_2
CCTCTAATCTGCCAAG-1,Region_2
AGGTTGAGGCACGCTT-1,Region_1
TCCCGTCAGTCCCGCA-1,Region_2
TCCGATGACTGAGCTC-1,Region_2
CAGCCTCCTGCAGAGG-1,Region_1
CTTAGCCTTCCACATG-1,Region_2
ATTAATGAACCAGTCG-1,Region_1
ACGATACATAGAACTA-1,Region_1
AGCCACTCCCGTGCTT-1,Region_1
ATACGGGTTTCGATTG-1,Region_1
CTGTCAAATGGCTCGG-1,Region_1
GCTCGGAATTTAAAGC-1,Region_1
TAGGCATGTTACGCCA-1,Region_2
TGGCAACTCGCGCGCC-1,Region_2
ATCAGTAGGCAGGGAT-1,Region_2
TATCGATCTATGCATA-1,Region_3
CGACTCAGGATGTTAT-1,Region_3
GCCATATTGCACACAG-1,Region_2
AATTCATAAGGGATCT-1,Region_3
CGGTAGAGGTGCAGGT-1,Region_3
AATGATGATACGCTAT-1,Region_2
CTTGTGCTCACCGATT-1,Region_3
TTCCAATCAGAGCTAG-1,Region_2
CGATGGACCCTACGCC-1,Region_2
GGTCGGATAAACGGCG-1,Region_2
TTAGCTAATACGATCT-1,Region_2
CTCGATATTTGCGAGC-1,Region_2
ATTACTTACTGGGCAT-1,Region_3
CTAGCCGATGTTATGA-1,Region_2
TACTGCAATCAATTAC-1,Region_3
TAGTCTGTGACGTTGC-1,Region_1
CTCGTTTCTAATGTTT-1,Region_2
TTCGTTCAACGAAGTT-1,Region_2
CTGAATTTATTGCCAG-1,Region_2
TGGAATATCCTTGACC-1,Region_2
CAGATCATTTAAAGTC-1,Region_2
CTCCTTTACGCAAGTC-1,Region_2
TCCCAAACAGACAACG-1,Region_2
ATCGCTGCGTGCAGCA-1,Region_2
TTAGTTCAAGTGTTCG-1,Region_2
AAACTCGTGATATAAG-1,Region_2
TTAACGAACAAGCAGT-1,Region_2
GTTATATCAGGAGCCA-1,Region_2
CAAATTGGATTATGCC-1,Region_3
CGAGGAGCTTCCATAT-1,Region_2
GGAGACCAATGTGCTT-1,Region_3
CATTGATGAACACGCC-1,Region_2
GTCAATGCTATAATTT-1,Region_1
ACCACCCTCTCTTCTA-1,Region_1
TGGAGGGAAACACCTC-1,Region_1
CACGGACGTGGATGGC-1,Region_3
AACTTTCTCGATCATG-1,Region_1
CGTATTGTTTCCTAAT-1,Region_3
CCTACTGCGGCGGCCA-1,Region_3
CTTAGGTCCCAATCGT-1,Region_2
CGCAATCGATCATTAG-1,Region_1
TGGTTATGCTTGCGGT-1,Region_1
GGCTTGGCTCTCACCT-1,Region_1
ATTGGTAGGATCCGCT-1,Region_3
TCAGGGCGACTTCCTT-1,Region_2
TCTGCAGATTCGAGTC-1,Region_1
CTCTCGCTGTACTATG-1,Region_1
AATAGTCGCGAGTCGG-1,Region_1
AGTTACCCTTAAGACT-1,Region_2
CTTAAATAAGACCCAT-1,Region_1
GGTTGTGCTCTTGTCC-1,Region_1
GTGAGTCTAAGACGGA-1,Region_1
CGCGACACTGCGCAGC-1,Region_1
GCTCGCGGTTCCGCTC-1,Region_1
TTAACTCACGCGTGGA-1,Region_1
GGAACGGCCTGCAGCC-1,Region_0
GTAGAAACGGGTGGAG-1,Region_1
TAATGAAAGACCCTTG-1,Region_0
AGGCTTGCTAGACACC-1,Region_1
TTGCGTAGTTTGAGGA-1,Region_0
CGCCCTTGAAGGCTGA-1,Region_2
CCCGGTGGAAGAACCT-1,Region_1
GATTCCTATACGGCGC-1,Region_1
ACCCACCTACATGCTC-1,Region_1
CACACAGGGATAGATT-1,Region_1
GAAAGTGACTAACTGC-1,Region_1
CCGGAATGGTTTCAGT-1,Region_1
AGTATAATACTAGGCA-1,Region_1
TAACTATCGAAGGTCC-1,Region_1
ATGAGGAGTGTTAATC-1,Region_1
TGTGTCGCGAGTTGCA-1,Region_1
ATCCAACGCAGTCATA-1,Region_1
AAGGCGCGTAAAGCTT-1,Region_1
AGTCGGCCCAAACGAC-1,Region_1
AACGTCAGACTAGTGG-1,Region_1
ACTACCAGCTCTCTGG-1,Region_1
GCAAGTGCACAGAGAA-1,Region_2
ACACCTTAAGTAGGGC-1,Region_2
TTCGACGGGAAGGGCG-1,Region_2
TTCGCACTCGCGTGCT-1,Region_2
TATTTGTTACCCTTTA-1,Region_0
CGCTGTGACGCCGCAC-1,Region_2
GTTGCACGGAGTTTCG-1,Region_2
GTTTCCTGGAGGGTGA-1,Region_1
ACACCCAGCATGCAGC-1,Region_1
TCAACCATGTTCGGGC-1,Region_1
TTACAACTACGCATCC-1,Region_1
TCCGATGGTGCGACAT-1,Region_1
GGGCGTACATTTATAT-1,Region_1
AGCGACCAACGATATT-1,Region_1
ACACAAAGACGGGTGG-1,Region_1
ATCGCACGCCGGGAGA-1,Region_1
GCTCTAAACCCTGACG-1,Region_1
AATGCAACCGGGTACC-1,Region_1
TCAAACAACCGCGTCG-1,Region_1
TATGCTCCCTACTTAC-1,Region_2
AAAGGGATGTAGCAAG-1,Region_0
ACGATCATACATAGAG-1,Region_2
TTGTTCAGTGTGCTAC-1,Region_0
ATGCATGATCCAGGAT-1,Region_2
AGTCTTCTCCTCAAAT-1,Region_2
GATTCCCTTGTCGCAG-1,Region_3
CTCGCACCTATATAGT-1,Region_1
ACTCAATAAAGGCACG-1,Region_3
AACCGAGCTTGGTCAT-1,Region_1
TAAGGCAACATAAGAT-1,Region_3
CACGCACAGCGCAGCT-1,Region_1
GGTTTACAATCTCAAT-1,Region_1
TGCAGGATCGGCAAAG-1,Region_2
ATAACGGAGTCCAACG-1,Region_1
AACGATATGTCAACTG-1,Region_2
GACAACGACCATTGAA-1,Region_2
TTGACCATGTTCTCCG-1,Region_3
AGTACGGGCACCTGGC-1,Region_2
CGCCATCCGATTATGA-1,Region_3
AAGGTATCCTAATATA-1,Region_2
TGTTGTCAAGAAGTCT-1,Region_3
CAGTGAATAAATGACT-1,Region_2
CACCTTGCGAAACTCG-1,Region_2
CATTTAGCGGACCATG-1,Region_2
CCAGTCTAGACGGCGC-1,Region_2
TCGCTTTAAACGTTTG-1,Region_2
GTGAAACGGCGCCACC-1,Region_2
GGGCTCATCGAACCCA-1,Region_2
TTGATGTGTAGTCCCG-1,Region_2
CAGTAGCCCACGCGGT-1,Region_2
AGCGCGGGTGCCAATG-1,Region_2
TAATCGATCCGTACGT-1,Region_2
AGTGGCGGCAATTTGA-1,Region_2
CCTTTCAATGAAGAAA-1,Region_3
CTCAGTCACGACAAAT-1,Region_3
ATAGGCTAGCTTCGCA-1,Region_2
CGGTTCAAGTAGGTGT-1,Region_3
CAGTCGAGGATGCAAT-1,Region_1
TATCACCCAACCGACC-1,Region_2
AATGATGCGACTCCTG-1,Region_1
TGGAACCACTGACACA-1,Region_3
GCCAATAGGGCATCTC-1,Region_1
TTCTTTGGTCGCGACG-1,Region_1
ATTAGATTCCTCAGCA-1,Region_2
CCGTGGAACGATCCAA-1,Region_2
GGGTCGTGGCAAGTGT-1,Region_2
TCGCTCGGCACCAGCG-1,Region_2
ACGCAATCACTACAGC-1,Region_2
CTCTAATGCATTGATC-1,Region_2
GTCTCGACTAAGTTTG-1,Region_3
TGGTTTAAACGTGGGT-1,Region_2
CGCAGATCTTCACCCG-1,Region_2
TCCAGATGTACGCCAA-1,Region_2
CATTGCGGGTCAATTC-1,Region_2
GACGTTCGTAAATACA-1,Region_2
TACACCGTCGTTAGTC-1,Region_2
ACGGGCGTATGCGACA-1,Region_2
GAAGGCTACCATTGTT-1,Region_2
TAAATCTTTACACCTC-1,Region_2
AGTTTATGTAAAGACA-1,Region_1
AGGAGACATCCACAGT-1,Region_3
CAACCTGAACCTGCCA-1,Region_3
AGTCCCTCGCAGAAAG-1,Region_3
TGTATACGGATGATGA-1,Region_1
TTGTGGTATAGGTATG-1,Region_3
TCTGCACCATTAGTAA-1,Region_2
AAATGTATCTTATCCC-1,Region_1
ACTCTAAACCTGGGAT-1,Region_1
GCTGGCAGGTGCCGTG-1,Region_1
CTCATTCGTGAACATC-1,Region_1
TCGCCGGATGGGCAAG-1,Region_1
GGACTAAGTCAGGAGT-1,Region_1
TATCAAAGGTCTGTAA-1,Region_1
TTCAGTTTGTGGCAGC-1,Region_0
TGTTCATAAATGTGCT-1,Region_0
CTTAGCCCGGATAGTG-1,Region_0
GATGCGAATGGTATTA-1,Region_1
TCTAACTGTATGTAAA-1,Region_0
TTAAACCTGGTTCCTT-1,Region_1
GCTAAGTAAAGGCGAT-1,Region_1
AGTTACCGCACATGGT-1,Region_1
GACTGCGGCACGTGTA-1,Region_1
TGGTGATCGTATTTGT-1,Region_1
TTATCGCCTGCGAAGC-1,Region_1
TGGAATTAGACGCTTT-1,Region_1
TCGTCACACTGTTAGC-1,Region_1
TTATGTTTGCGATAGA-1,Region_1
GGTGCTGATCACAAAG-1,Region_1
CATAGCCGCCCGGGAT-1,Region_1
GGTTAGTTACGGCGCC-1,Region_1
ATTCCCACATAAACAA-1,Region_0
ATTCAGTAGCAGGGTC-1,Region_1
CAGTTCCGCGGGTCGA-1,Region_0
AAGAGATGAATCGGTA-1,Region_1
CGCAATTCTACAATAA-1,Region_1
TAACGCTTTGAGAGCG-1,Region_0
AGGCTATGGTTAGCTT-1,Region_1
GAGGAATGGAGAGGTT-1,Region_0
TCCTCTACGAGATGGC-1,Region_1
TTGATTATGCAGATGA-1,Region_1
TCAGTACTGACCCGCG-1,Region_1
TTATGACAAACTGGAT-1,Region_1
GTAAGTAGGGTATACC-1,Region_1
CGCAAACACGAGTTAC-1,Region_1
TGGCCGTATATTGACC-1,Region_1
ACTGTAGCACTTTGGA-1,Region_1
GCTCTATGTTACGTGC-1,Region_1
TGCGCGATTAACGGAG-1,Region_1
GAATCGACATGGTCAC-1,Region_1
GACTAAGTAGGCTCAC-1,Region_0
ATCTTGACCTGCAACG-1,Region_0
ATGCACTACCGCATTG-1,Region_2
CAGATACTAACATAGT-1,Region_2
GATCGACACTATCTGA-1,Region_2
ATAGAGTACTGGGACA-1,Region_2
CCTACTGCTTACACTT-1,Region_1
CCTGCTATTTGAGAAG-1,Region_1
CGCGTTCATGAAATAC-1,Region_1
CATTATGCTTGTTGTG-1,Region_1
CCAGGGACGTGGCCTC-1,Region_1
TATGGATGTGCTACGC-1,Region_1
GTACTAAGATTTGGAG-1,Region_1
AGACCCGCCCTCCTCG-1,Region_1
CGCATTAGCTAATAGG-1,Region_1
GCTCTCGGGTACCGAA-1,Region_1
CACCGCCAGAAGGTTT-1,Region_1
TCCCAAAGACGAAGGA-1,Region_1
ATGGATTGACCAAACG-1,Region_1
GTCATGGACATGACTA-1,Region_2
CTACTGCCACCTGACC-1,Region_1
TTATATTTGGCAATCC-1,Region_2
AGCACCAGTACTCACG-1,Region_1
CATGGTCTAGATACCG-1,Region_3
TCTACCGTCCACAAGC-1,Region_1
CTAGTTGGGCCCGGTA-1,Region_3
TCCCGCGTACTCCTGG-1,Region_2
CAGAGCATGAGCTTGC-1,Region_1
ACACGGGAACTTAGGG-1,Region_2
GGCTCTGCTCCAACGC-1,Region_1
AGAACGTGGTACATTC-1,Region_1
CAATAAACCTTGGCCC-1,Region_1
ACTTCGCCATACGCAC-1,Region_2
ATCTGGTTAAGACTGT-1,Region_1
TCGTAAGACGACATTG-1,Region_2
GTGTACCTTGGCTACG-1,Region_2
GCCCGTAATACCTTCT-1,Region_2
CGGTCAAGTGGGAACC-1,Region_2
TTGTAAGGCCAGTTGG-1,Region_2
GGAGCACCAAGAACTA-1,Region_2
TAATAGTGACGACCAG-1,Region_2
CTAAATCCTATTCCGG-1,Region_2
CGAGTTCTGTCCCACC-1,Region_2
AGGCAGATGCGTAAAC-1,Region_3
AAGGATGAGGGACCTC-1,Region_2
AGAGAACCGTCTAGGA-1,Region_2
GAGGGCGCAGCTCTGC-1,Region_3
AAGATTGGCGGAACGT-1,Region_2
CCAGTAGTCTGATCCA-1,Region_3
AAGGGACAGATTCTGT-1,Region_2
ATAGAGTTATCAACTT-1,Region_2
AAATTACCTATCGATG-1,Region_2
GATCCTAAATCGGGAC-1,Region_2
TTACAGACCTAAATGA-1,Region_2
CCTCACCTTAGCATCG-1,Region_3
CATGCGACCAGTTTAA-1,Region_3
AACATATCAACTGGTG-1,Region_2
CTATAAGAGCCAATCG-1,Region_3
AATATCGAGGGTTCTC-1,Region_2
GTACTCCTGGGTATGC-1,Region_1
ATAAGTAGGATTCAGA-1,Region_3
AGGTCGCGGAGTTACT-1,Region_2
CTAATTCTCAGATATT-1,Region_2
GCCAACCATTTCCGGA-1,Region_2
TGATCCCAGCATTAGT-1,Region_4
CGTTGTAAGATTGATT-1,Region_1
GAAACCATGGTGCGCT-1,Region_1
AATCTATGCCGGAGCC-1,Region_3
GACTCCCAGAATAAGG-1,Region_4
TATGATCCGGCACGCC-1,Region_1
CCGCTTGCTGACATGG-1,Region_1
TGGTTAAGGGCGCTGG-1,Region_2
TTGATAGTCAATACAT-1,Region_1
GGTTTAATTGAGCAGG-1,Region_2
CATTACATAGATTGTG-1,Region_1
GGTACACCAGATTTAT-1,Region_1
GGCCCGTATACCATGC-1,Region_1
ATCTTTCGTATAACCA-1,Region_1
GAGATGACAATCCTTA-1,Region_1
AAAGCTTGCCTACATA-1,Region_1
GAACGATAAGTTAAAG-1,Region_1
TAATAGCTAAATGATG-1,Region_1
TATGGCTAGGCTAATT-1,Region_1
AGGAGAGTCTGGCTAC-1,Region_1
TGCTCTGCCGGTTCAC-1,Region_1
CCAATAGATTTCATCT-1,Region_1
GGGCACGAATTGGCCG-1,Region_1
TCGTTGACAGGGTCCC-1,Region_1
ATCGTATTCCGAGAAC-1,Region_1
GGGAATTCTGTCCAGT-1,Region_0
ACGCGTTTCTTAAGAG-1,Region_1
GAGAGCGCAGTCCCTG-1,Region_0
GTCCTATTGTTGTGGT-1,Region_1
CATCTGCAGGATCATT-1,Region_0
GAGTCGACAGACCCTC-1,Region_3
AAGTGCAAAGGTAGAC-1,Region_0
AGGGTGGATAGTGCAT-1,Region_1
TGATAGCGGGATTCTA-1,Region_0
GTCAGTTTGGTAGTCG-1,Region_0
GCATTCGAAATGAACA-1,Region_2
AAAGACTGGGCGCTTT-1,Region_2
TAACAATATTTGTTGC-1,Region_2
CCAGCTTCCGCCCGCA-1,Region_2
GATATGGATTACGCGG-1,Region_1
AGAGCAGTTATGAGAC-1,Region_1
TCACATCTTATCTGAT-1,Region_1
TATGAAGACAGGTGCG-1,Region_1
TACCTGCTGCACTGTG-1,Region_1
TAGGTCCAAGTAAGGA-1,Region_1
GAAACTCGTGCGATGC-1,Region_1
AACAATTACTCTACGC-1,Region_1
CCGCACGTGACCTCGG-1,Region_1
AACTTGCCCGTATGCA-1,Region_1
GGGTATGTATGCACTT-1,Region_1
TTCGTACTCCAGAACG-1,Region_1
GAATTTCTCGCTGCAG-1,Region_1
AACAGGATGGGCCGCG-1,Region_1
GACGTGTAGGGATTAT-1,Region_1
TAGGTGAGCCCTACTC-1,Region_1
CTAATTCGCACGCGCT-1,Region_1
GAAGCTTGCTGACCGC-1,Region_1
GGTTAGGCTTGGAGAA-1,Region_1
ACAAGGACAAGAGGTT-1,Region_1
AGGCCACCCGTTATGA-1,Region_1
GTGGGCTTAGACACAC-1,Region_1
CGTGTCCCATTCGCGA-1,Region_1
TGGAGTGATGCGATGA-1,Region_1
AACAACTGGTAGTTGC-1,Region_1
CCTGGCTAGACCCGCC-1,Region_1
CGCAATTAGGGTAATA-1,Region_1
TCGAAATTTAGGACCA-1,Region_2
AGACTAGCCTTCCAGA-1,Region_2
TTGATCTAACTTTGTC-1,Region_2
AAGGAGCGGTTGGTGC-1,Region_2
ACTTGGGACCCGGTGG-1,Region_1
TGATCTCCGGCGCCAG-1,Region_1
CAGTTCAAATTGACAC-1,Region_0
GTCCGGCTGAATTGCG-1,Region_1
CTGGAAATGGATGCTT-1,Region_1
TGATCGGTTTGACCCT-1,Region_1
TAGAGTCTAAGCGAAC-1,Region_1
GAGACTGATGGGTAGA-1,Region_1
TAGCTAAGTCCGGGAG-1,Region_1
GGGCGATATGTGTGAA-1,Region_1
CTCGAGGTCGAACAGT-1,Region_1
GATCCCTTTATACTGC-1,Region_1
GTCATGCACCTCCGTT-1,Region_1
ACTTTCCTATAGCTTC-1,Region_1
TCGCTCGATATATTCC-1,Region_1
ATAGGTTGGGCAGATG-1,Region_1
CAATTAAGGGTGATGA-1,Region_1
ACCGACTGAGTCCCAC-1,Region_1
CCTGTCACCCGGGCTC-1,Region_1
GATCGGTGGCCATAAC-1,Region_1
CCTATGGGTTACCGTC-1,Region_1
TTGGGACACTGCCCGC-1,Region_2
CGAGGCTAAATATGGC-1,Region_2
TCAGGGTGTAACGTAA-1,Region_2
CGAGAGATGTGAACCT-1,Region_2
TCGCTGGGCGGATTGT-1,Region_2
AGATCTCAGGTGTGAT-1,Region_2
TGGCCAAACTGAAGTA-1,Region_2
GCTTCCGTCCCTAGAC-1,Region_2
CAGCAGCCCGTTCCTT-1,Region_2
TGTATAACAGATCCTG-1,Region_2
CGCGGGAATTAGGCAG-1,Region_2
TGCATGTGGTAATCTA-1,Region_2
ACAATTTGAGCAGTGG-1,Region_2
GAGCTAAGGGCATATC-1,Region_2
CCAGATAGTTGAGTGA-1,Region_2
CCACAATGTACGTCTT-1,Region_2
CAATGGATCTCTACCA-1,Region_1
TGTGGCAAAGCGTATG-1,Region_2
TAAAGCGTTAGGAGAA-1,Region_1
TCCGTTTAGCCTTGAA-1,Region_1
CAGCTCGACAAGTTAA-1,Region_1
GCCTATAGTGTCAGGG-1,Region_2
ATAGACAACGGGACCT-1,Region_1
CTACTATCTTTCAGAG-1,Region_3
GCGCTGCTTTGCATTT-1,Region_1
GCGCATCCAGTCAGCA-1,Region_3
GACTCGCGGGAATGAC-1,Region_1
CTGGTAACGAGCTCTT-1,Region_3
TCCGGCCTAGCGTACA-1,Region_1
TCTAGGTGGCGACGCT-1,Region_3
ACGCTAGTGATACACT-1,Region_1
ATCTGCACCTCTGCGA-1,Region_3
CCTCACCTGAGGGAGC-1,Region_4
AGTGAGCCTCGCCGCC-1,Region_3
ACGAGTACGGATGCCC-1,Region_1
GGTACCATTAAGACGG-1,Region_1
TTCTGCTAGACTCCAA-1,Region_1
TAACTATTACGCCAAA-1,Region_2
GCATTCAAGGCAACGC-1,Region_1
CGGCCCAACCTGTAGT-1,Region_1
TCCCTAGATCAATAGG-1,Region_1
CGCATCCATCAGCCAG-1,Region_1
CGAGGATCGGGAACGA-1,Region_1
TCTGACGGGCTAACCC-1,Region_1
AGAGTATAGTGTTACG-1,Region_1
CTCATCACTTAGTGAT-1,Region_1
TCAAGCTGCCTTGAAA-1,Region_2
GTCTTCCTCACCTAAG-1,Region_1
GGTGATGAAGGAAGTG-1,Region_1
TCAATACAATTGCTGC-1,Region_1
GCAACCCAAGTTGTTT-1,Region_1
ATGAAGTGGACCCAGC-1,Region_1
GAGAATCTCACGATCA-1,Region_1
TATATCATTGATCAGT-1,Region_1
AACTTTACGGGAGCTT-1,Region_1
TTCTTGTGTCCATCAG-1,Region_1
ACAATTTAGGAGGCTC-1,Region_1
ATACTTGTTCTCGAGC-1,Region_1
CACGGGATTGAGGGTT-1,Region_1
GTTAATGTCTATCTTA-1,Region_1
GCGTTATATTTGGAAC-1,Region_1
CGTCAAGGCTATAAAT-1,Region_1
TTAGCTCTGTAATCCG-1,Region_1
AATGGTCCACCGTTCA-1,Region_2
TGTCCGTGGCGCCTTT-1,Region_1
TCAACTAACGTATAAC-1,Region_1
TCCTCTCCAGTTGTCC-1,Region_1
TGTGTTCGTATCCAAG-1,Region_1
CCGCGTAGGTAAGGGC-1,Region_1
CTGCGGGTGAAATGTT-1,Region_1
TATCTACAGAGGTAAT-1,Region_1
CTACTCTAGGCCCGGC-1,Region_1
ACAAGCAGTGCCTAGC-1,Region_1
TACAAGTCTCGTGCAT-1,Region_1
TCGGAATGCGCTCTGA-1,Region_1
TCGCGTCCAGAAGGTC-1,Region_1
TATGGCCCGGCCTCGC-1,Region_1
GCTGGCATATTCACCT-1,Region_1
GTCAGAATAGTCTATG-1,Region_1
GGCGTCCTATCCGCTG-1,Region_1
CGGAGTTTGAGAGACA-1,Region_1
AGCACTTAAGGACGCC-1,Region_1
TCCACAATGGTTTACG-1,Region_1
CCAACGATGCACTGAT-1,Region_1
ATTTACAGTTTACTGG-1,Region_1
CCCTGAAATGAGTTGA-1,Region_1
CAAACGGTCGCACTTT-1,Region_1
TGATTCGTCTATCACT-1,Region_1
TCAGGTTCTTTGAGAA-1,Region_1
CACGCAGCGAGGCTTT-1,Region_1
TTAAGCGCCTGACCCA-1,Region_2
CTTACACGGTATTCCA-1,Region_0
AAGGCTGTGCTCATCG-1,Region_2
GACCAGAGCCCTGTAG-1,Region_0
TCCCAGGCTTAGCTAA-1,Region_0
ATTGAAGATCTTAGTG-1,Region_0
AGTTCCTACAGAATTA-1,Region_0
GGGCTGGTTAGTCGCG-1,Region_0
GAAATGGCGGTGTTAG-1,Region_0
TACGAACACGACTTCA-1,Region_0
ACCACAAGTTTCTATC-1,Region_1
ATATTTAACCCTCAAG-1,Region_1
GATCATTCCAAACATT-1,Region_1
TCCAGGCGAGTACGGT-1,Region_1
GTTTGACCAAATCCTA-1,Region_1
CACAGCACCCACGGCA-1,Region_1
TGCAAGAATGACGTAA-1,Region_1
GCGAAGCCATACCCGT-1,Region_1
TCCTTTCTTACGCTTA-1,Region_1
GCTGCTCTCCGGACAC-1,Region_1
ACTGTCTTCTTTAGAA-1,Region_1
TCAAACTTAGATTGTT-1,Region_1
CTATGTCACTAGCCCA-1,Region_1
TGCGCAAAGCATTTGG-1,Region_1
TTAATGTAGACCAGGT-1,Region_1
GGCGGTAGGATCATTG-1,Region_1
GGCAATAGTCAATGAG-1,Region_1
ACACGAGACTCCTTCT-1,Region_2
GACACAAGGGAAGAAA-1,Region_2
TCAGCAAATGCATCTC-1,Region_2
GAGATCTGTCACTCCG-1,Region_2
ATGCCGGTCTTGCATA-1,Region_2
TTGGGCGGCGGTTGCC-1,Region_2
TTGTTGTGTGTCAAGA-1,Region_2
ACTGTACGATACACAT-1,Region_4
TCCACTTTATCTAGGT-1,Region_3
GGTCTGAGAATCTGGA-1,Region_4
TAGAAAGGTGGCGCTA-1,Region_1
TATGTCTCATTGTGCC-1,Region_4
GGATTTCACTTCTATA-1,Region_2
TGAGTGGTCCGTGACG-1,Region_1
CGCTTTCTTGCATTCG-1,Region_2
ACCCAACGCCCGTGGC-1,Region_1
GAACGTCTCATGGTCG-1,Region_1
AGGGTTCCCTTTGGTT-1,Region_2
GTAGCTTCCTCTTGTT-1,Region_4
GCATGAGGGACGCGGC-1,Region_1
CTACCCTAAGGTCATA-1,Region_1
TCACCGCTCGGCACTC-1,Region_4
GGCTCGCGTTGAGGTA-1,Region_1
CTAACGAAACTTGCTG-1,Region_1
TTAAACTCGAATTCAT-1,Region_1
TACTTTACTGAGCCGG-1,Region_1
GCTTGGATCGATTAGG-1,Region_1
CGGTTATCCAACAGTG-1,Region_1
CAGACCTGTAAGTGTT-1,Region_1
GACGGTCAATAGAAGC-1,Region_2
CCATACTCGCCTCTCC-1,Region_1
ACGATACCTATCCTGA-1,Region_1
CTCACCAGTACAAGTG-1,Region_1
CGAAGACGGTGAGTGC-1,Region_1
AAATTAATAAGCGCGA-1,Region_1
GGGCCCTTATCTATAC-1,Region_1
CTGCCCACGAAGCGTT-1,Region_0
GGACAAGTTGCAGTGA-1,Region_1
GTCCGAGAGCAATCAT-1,Region_1
ATGGCAGCCGAGAAAC-1,Region_1
CCTCGGATGCTACCTG-1,Region_1
ATACGGTGAAGATGCA-1,Region_1
ACATCAGCTGGGACGC-1,Region_1
GGTTGTGTAGCCTGGC-1,Region_1
CCTGCGTTCTACGCTT-1,Region_1
GAACGTTAGGAAGACG-1,Region_1
TTCTGCGAGCGCCCTT-1,Region_1
TCCGAACTTGGCTTAC-1,Region_2
TAGATTCCTGGTTATT-1,Region_1
CCGACAAAGGGAGTGC-1,Region_1
CCATGGCCCTTGTACC-1,Region_1
GAAATATCACCATCAG-1,Region_1
ACGAAATGGGCGGCAC-1,Region_1
GTGAGCGTGCTGCACT-1,Region_1
CCGCGGGTACGAAGAA-1,Region_1
TCCCTGGCTCGCTGGA-1,Region_1
CAGCTTAGTAGGTAGC-1,Region_1
CACGAAAGTTAGTCCC-1,Region_1
ACCTAATCGACTTCCT-1,Region_1
AAGTAGTGACGCGAGG-1,Region_1
TCCGATTACATTGCCG-1,Region_1
CCTCCGACAATTCAAG-1,Region_1
GTTCACAGGAGTCTAG-1,Region_1
CGAAGTTGCTCTGTGT-1,Region_1
GTCGGATATCTCAGAC-1,Region_1
CGCTCTCCGTAGATTA-1,Region_1
CAAGCAACGTCGGAGT-1,Region_1
CCATTCCCTGCCCACA-1,Region_1
CTTTGGCTTTAGTAAA-1,Region_1
GGCTATTAAGTTGTAT-1,Region_1
CCATTAGCGATAATCC-1,Region_1
TGTTCTTCCATTGACT-1,Region_1
AGATAACTTCAGGGCC-1,Region_1
ATAGACGAAGAGAAAG-1,Region_1
GGCGGAGTAATATTAG-1,Region_2
TGACCCACGTTAGACA-1,Region_2
TCACAGGTTATTGGGC-1,Region_2
TCACGCATTGTAGATC-1,Region_2
TTGAAGAATTCCCAGG-1,Region_2
AAATGGTCAATGTGCC-1,Region_2
TAGTGCCCTCCAGAGT-1,Region_2
GGTATTGCCGAGTTTA-1,Region_2
CGTATTAAGAGATCTA-1,Region_1
ACTGTCCAGGATTATA-1,Region_4
CGGGCAGCTAAACCGC-1,Region_1
TTGCTGATCATGTTCG-1,Region_1
TATGGGTACGTATCGT-1,Region_1
CAGCTCACTGAGACAT-1,Region_1
GGGACTGCATAGATAG-1,Region_1
ACGCATTCGTGAGTAC-1,Region_1
CTCTGGACGCCTGGTG-1,Region_1
AGGGTTTAGTTCGGGA-1,Region_1
GGGAGAACTCACAGTA-1,Region_1
ATCAATCTGGGCTGCA-1,Region_1
TCTTCGATACCAATAA-1,Region_1
ACGTAGATTGCTGATG-1,Region_1
TCTTGATGCGTAGCGA-1,Region_1
GGGCTGCCTAGGGCGA-1,Region_1
CTCTCACAATCGATGA-1,Region_2
CCAAGCGTAACTCGTA-1,Region_2
ACAACAGCATGAGCTA-1,Region_2
GTCCCAACGTAAAGTA-1,Region_2
TCGGAGTACATGAGTA-1,Region_2
GGGAGTTAATGAGGCG-1,Region_2
CCGGGCGGTCTCGTCA-1,Region_2
CCGTAAGTTGGTCCCA-1,Region_2
GGAGGGCTTGGTTGGC-1,Region_2
TCGGACGCCCAGCCCA-1,Region_2
TCTGTGCCATCATAGT-1,Region_2
GTACTGGAGTTAGACC-1,Region_3
GGAATGCGCTAGCGTG-1,Region_2
GTGTGAATAACTTAGG-1,Region_1
TAGCCGGCGGTCAGCG-1,Region_1
AGTGATTCAAGCAGGA-1,Region_2
TAGACGCCCGTACCGG-1,Region_2
CTAGATGTGAGTGTAA-1,Region_3
GCATTTCCAAGGCTCC-1,Region_3
ACGTTCGCAATCAATT-1,Region_2
GGTATGAAAGAACTGA-1,Region_1
GTGGCCTAATATCATT-1,Region_1
CCTGTGAAACCGTAAC-1,Region_1
GGCAGAGAGATCGGGA-1,Region_1
TAGCGTCGAATATTGA-1,Region_1
CGCCGACTATTCGCTA-1,Region_1
TCTGGCGCAAGCCGGG-1,Region_1
AGTGGTTGCGTATAGG-1,Region_1
ATCGGTTACCTAGTAA-1,Region_1
CCTGCCCGTTGTCTAG-1,Region_1
GCACACGCCCATGGTC-1,Region_1
AGTACGGCCCGTATCG-1,Region_1
TATCTAGCCTAAAGGA-1,Region_1
CACTCGGTTAGGAGGA-1,Region_1
ATGTTCGTCGACCCAC-1,Region_1
TTCCTCTGCCCGAATA-1,Region_1
TTACTATCGGCTTCTC-1,Region_1
GCCGCATTAGTCCGGC-1,Region_1
TAAGGGCTGGGAGAGG-1,Region_1
TAAGCAGGCGACACGC-1,Region_1
AGCACTACCGGCCTGT-1,Region_1
GAAAGCCCTTTGGACC-1,Region_1
GACCGACTGAAGCGTC-1,Region_1
CGGTGAAGACTAAAGT-1,Region_1
CCCTGCGCTACGCATA-1,Region_1
TACTGGACAGCTCGGC-1,Region_1
TTAGTAGGGCGGCGGG-1,Region_1
GAGGCTATCAAAGTCG-1,Region_1
TTACCATTGATTACCC-1,Region_1
ATACCACGGGCAACTT-1,Region_1
TGTCCTAAGTCACCGC-1,Region_1
AGGTAGGTACAAAGCT-1,Region_1
GGCATACAGGTAGCGG-1,Region_1
TGTAGTGATCTATAAT-1,Region_1
TCCCGGGTGTGCTGCT-1,Region_1
TACGATGTTGATCATC-1,Region_1
CCTCTCTCCCATCTAG-1,Region_1
GCAGGACTATAGAATA-1,Region_1
CTAGTGAAGGACAGGA-1,Region_1
TACGAGAACTTCACGT-1,Region_1
CGTTGTTTCAATTCCC-1,Region_1
GCAAATATTACGCTTT-1,Region_1
CCAATAGTGCCGTCGA-1,Region_1
ATTGCTGCTCCTCCAT-1,Region_1
GAGATCTGCTTGGCAT-1,Region_1
GCCGAAATTCCTACGT-1,Region_1
GGCACTCCACTGGGCA-1,Region_2
GGGTCACCGTGACGGT-1,Region_1
CACTTAATCAGACGGA-1,Region_1
CGTTTCGCTCATTACA-1,Region_1
ATAAAGGCTCGGTCGT-1,Region_2
CACTAAAGTTGCCTAT-1,Region_1
GTGCTCAAGTACTGTC-1,Region_2
CCATGCCTGTTTAGTA-1,Region_2
TCTAGTTATCAGAAGA-1,Region_2
TTGTAATCCGTACTCG-1,Region_2
TCCCAGCTTTAGTCTG-1,Region_2
CTACGCACGGAGTACC-1,Region_1
AAATTAACGGGTAGCT-1,Region_2
CGGCCACGCACAAAGT-1,Region_2
GAAGCGTGAGGAATTT-1,Region_0
ATATCTTAGGGCCTTC-1,Region_0
ACGCGGGCCAAGGACA-1,Region_0
GCGAGTTCTGCAAAGA-1,Region_2
TATTCGTGCCAGAATA-1,Region_2
AGGGCTGCAGTTACAG-1,Region_2
CTAGCATAGTATAATG-1,Region_1
TAGGTTCGAGTTCGTC-1,Region_1
GAATTATAGTGAAAGG-1,Region_1
CTATCGGGTCTCAACA-1,Region_1
GCGCTAATTGAATAGA-1,Region_1
ATGCGACAGTCCCATT-1,Region_1
GGTAGTGCTCGCACCA-1,Region_2
AAGCTCGTGCCAAGTC-1,Region_1
TATTCAATTCTAATCC-1,Region_2
TTCAAAGTCTCTAGCC-1,Region_2
TTGAATATGGACTTTC-1,Region_2
AAGAGCTCTTTATCGG-1,Region_2
TTACTCCGGCCGGGAA-1,Region_2
AAACGAGACGGTTGAT-1,Region_2
GCTAAGTAGTTTCTCT-1,Region_1
ATAACGCCGGAGGGTC-1,Region_1
GGATCCGGAATATACT-1,Region_1
TGAAAGGACCTGACTC-1,Region_1
TCCGCGGCAGCATCTG-1,Region_3
TGCATATGTCTGTCAC-1,Region_1
TGTAGGAGAAATTTCC-1,Region_3
AGTGAGACTTCCAGTA-1,Region_1
CCCAAACATGCTGCTC-1,Region_4
GCTTATGAAGCAGGAA-1,Region_3
TTCTAACCGAAGCTTA-1,Region_4
GGATGTCCTTACCGCA-1,Region_3
AGGGTGCTCTCGAGGG-1,Region_4
AACTCTCAATAGAGCG-1,Region_3
TCTGAATTCCGTACAA-1,Region_2
GCGTGGTACTGGGTTA-1,Region_3
ATATGTCTCCCTAGCC-1,Region_3
TCATTTAAGTCTCCGA-1,Region_3
TGACATCGAGCGGACC-1,Region_2
GCGTAAATGGCCATAA-1,Region_0
ATTGTACAACTCGGCT-1,Region_1
TACGCTATAGAAACCT-1,Region_3
CACCCAAATCTTATGT-1,Region_3
AGATGATGGAGTCTGG-1,Region_3
CCACGGTGCCCGGTAG-1,Region_1
TCAAGAAATACTAGCT-1,Region_3
AGGTATAATTGATAGT-1,Region_2
CAAGGTCCTATAGGCT-1,Region_2
CCGGCACGACCGTTTC-1,Region_2
ACCTCCGTTATTCACC-1,Region_1
GCAGCCTATATCACAT-1,Region_3
GGTATAGTGACACATA-1,Region_4
AAATTCCAGGTCCAAA-1,Region_3
TCTTTAGCAGGCGAAC-1,Region_4
TATTGACATTTCTGCC-1,Region_4
TCTGATCGGGTGCTAG-1,Region_2
GGCCCGGAGCATGTCT-1,Region_3
GGGCGCAGCGTTACTC-1,Region_2
TTGGCGATCCGAATAT-1,Region_1
TCTGATTGGAAATGGA-1,Region_2
CAAACCAGGTCTGCAT-1,Region_1
ACAAGCTATATGGAAG-1,Region_1
TCGCCCACTGCGAGAG-1,Region_1
AGCCGCAAATTCAAAT-1,Region_1
TTAACGTTAAAGCCTG-1,Region_1
CAGCGCCAACACGATA-1,Region_1
ATCCAATGGTACCGAA-1,Region_1
GTGCTGCAGATAAGGA-1,Region_1
GGCCTTTGCAACTGGC-1,Region_1
GTCGTACCTACGATTG-1,Region_1
TAGAAATTCACGTATA-1,Region_1
AGAATAAATCTTCAGG-1,Region_1
CATTGCGAAATGGGCG-1,Region_1
GTCTACTCAATTACAA-1,Region_1
TGTAATGACCACAATA-1,Region_1
AAAGTCGACCCTCAGT-1,Region_1
TACTCGGCACGCCGGG-1,Region_1
AGGTGTATCGCCATGA-1,Region_1
TGTGCTTTACGTAAGA-1,Region_1
AAACCTCATGAAGTTG-1,Region_1
TATAGGGTACTCATGA-1,Region_1
CCAGCTGATGGTACTT-1,Region_1
AATATTGGAGTATTGA-1,Region_1
GGCCCTCACCCACTTA-1,Region_0
AACCAAGACTTCTCTG-1,Region_1
TCGTATTACCCATTGC-1,Region_1
ATTCGACGCCGGGCCT-1,Region_1
GGCGCAGGACATCTTC-1,Region_1
GTACTCCCTTATCGCT-1,Region_1
TGGTCTGTTGGGCGTA-1,Region_1
AATAACAACGCTCGGC-1,Region_1
CATACCCGTACCCAGT-1,Region_1
ACAATCCATTTAAACC-1,Region_1
GTTACAATTGGTGACG-1,Region_1
TTGCCCTGATCACGGG-1,Region_1
CTAACCGCGCGCCCGT-1,Region_1
CTAAAGAATGCCTACT-1,Region_1
ACCCATCTTGAGGGTA-1,Region_1
GATCTTTGCAGGGTAT-1,Region_1
GGGTACTTCATGAACT-1,Region_1
GCCGCTTGTGAGAAAC-1,Region_1
CCTGTAAGACATGATA-1,Region_1
CGACAGTTCGCGTTAT-1,Region_1
ACGATGCATATGTTAT-1,Region_1
TGTTCCGCTTCCATGA-1,Region_1
GGATGACGCGAGTTTA-1,Region_1
GAAGTTTCCACTCAAT-1,Region_1
GCGAGGCCCGAGCAGA-1,Region_1
CATACTATGTAATTGT-1,Region_0
CCAATGTCACAGCAAG-1,Region_1
GTTGGATTTGCGTTGG-1,Region_0
GGGAGGATGCCCGAAA-1,Region_1
GATCGCGGGCTCTCCA-1,Region_1
GTTCGCCATAAGTGCC-1,Region_1
AGATTATAGGACGTTT-1,Region_1
TCGAGACCAACACCGT-1,Region_1
TATGGGACCGAGCAGG-1,Region_0
GATGCGTCCTGCATTC-1,Region_0
TATGGTCTGAGTAACA-1,Region_3
GCATAGAGCACTCAGG-1,Region_0
CTTCATTGTCAGTGGA-1,Region_0
GCAGATTAGGGATATC-1,Region_1
CCTGTCGCCCGTAAAT-1,Region_2
CAATTTCGTATAAGGG-1,Region_2
GTACACTTACCTGAAG-1,Region_2
CCAGCCTGGACCAATA-1,Region_2
ATGGAGCAGGCCGTGA-1,Region_2
GTCATTAGAGCGAACG-1,Region_1
AAGACTGCAAGCTACT-1,Region_1
CTAGTCACGTCTTAAG-1,Region_1
ACTCTTGTATAGTAAC-1,Region_1
ATTAGGCGATGCTTTC-1,Region_1
TTCGGGACTAATCGCG-1,Region_1
TGGACTGTTCGCTCAA-1,Region_0
AACGTGCGAAAGTCTC-1,Region_1
CCACCCAAGGAAAGTG-1,Region_0
CCGCACAAAGACCAAC-1,Region_2
GCGATTGTTAACGTTA-1,Region_1
ACTCGTCAGTAATCCC-1,Region_2
GGTGATAAGGAGCAGT-1,Region_2
AAGAGGCATGGATCGC-1,Region_1
CACGTTCGTGCTCTAG-1,Region_2
CTATTTGGTTACGGAT-1,Region_0
GTACAGAGGCAAGGGT-1,Region_2
GGGCCGGCCGAAGTAC-1,Region_2
CCTGAACGATATATTC-1,Region_2
CCGGGCTGCTCCATAC-1,Region_2
TACTTGTTAGTAGTCC-1,Region_2
CCTAGGCGTAGCGATC-1,Region_2
CTGGCGCACAGGTCTG-1,Region_2
ACTTATACTTACCCGG-1,Region_1
GAAGTCTCCCTAGCGA-1,Region_2
ACCGATGGTAGCATCG-1,Region_1
CGAGTTTATCGGACTG-1,Region_4
CATAACGGACAGTCGT-1,Region_3
TGACGATGCACTAGAA-1,Region_2
TAGGGAGCTTGGGATG-1,Region_4
AGGGTCGATGCGAACT-1,Region_2
TATATCCCTGGGAGGA-1,Region_1
CATCTTACACCACCTC-1,Region_1
GTGCGACAGGGAGTGT-1,Region_2
CCGATCTCAACCTTAT-1,Region_1
ACGATCATCTTGTAAA-1,Region_2
GAAAGAACAGCGTTAT-1,Region_1
CTAGGTCTGAAGGAAT-1,Region_2
ATATCAACCTACAGAG-1,Region_2
AAATAGCTTAGACTTT-1,Region_1
GCGACATGTAAACATC-1,Region_1
ATAAGTAGGGCGACTC-1,Region_2
GCGAGCGCATGCTCCC-1,Region_1
AGGGACCGGCTGCGTT-1,Region_2
CCTATGAAGTGGTGCC-1,Region_1
GCTTACGTAGTTAGTA-1,Region_2
CATACTTAGGCAATAC-1,Region_1
CCTGTCCCTCACGTTA-1,Region_2
CAATGTGCCAACCCTT-1,Region_1
GTTAAGTTAGAGTGGG-1,Region_2
CTGGGATACGCTACCC-1,Region_1
AACCTGTCACGGAATT-1,Region_3
ACTGCGGACACACCGT-1,Region_2
CCGTGAGGCATTCATG-1,Region_4
GCCCAGATGCTGGAGA-1,Region_3
TCTGGCCGTTCAAGTT-1,Region_1
ATACGAAGGCTTTCCA-1,Region_3
GATCCGAATATAAGTG-1,Region_2
GTGGAGCATGTCGGCC-1,Region_3
CCCGATAGCCTCGCCT-1,Region_1
ACAGGTGTGTTGTTGC-1,Region_1
TGAACTGCTATGACTT-1,Region_1
TGACATATATGACGAT-1,Region_1
AAGTCTTCTGTGGCCT-1,Region_1
ACCAGACCATAACAAC-1,Region_1
TGAGACGTACCTCTCA-1,Region_1
GACCGTTACATGCGAC-1,Region_1
GGTTCGGATTATACTA-1,Region_1
CCTCCTGAGCCCACAT-1,Region_1
CCGCGATTTGGTAGGT-1,Region_1
AATCTCTACTGTGGTT-1,Region_1
ACTTTGACTGCATCCT-1,Region_1
CCCTGACTAACAAATT-1,Region_1
ACGCTGTGAGGCGTAG-1,Region_1
GCATACGAGGTCTTTA-1,Region_1
TCGGGATTCAAACATA-1,Region_1
GGGCCCTACGAAAGGG-1,Region_1
CGCCAAGAAGCCGAGT-1,Region_1
GGTACATCTGGGACGA-1,Region_1
GGATGCTGGCGTTCCT-1,Region_1
CCGATTCGAGGGACCC-1,Region_1
CCACTGGTGGCTGGTT-1,Region_1
GACAGGCACACACTAT-1,Region_1
TCAACGCGACCGGCAG-1,Region_1
CTACGACTAGCTATAA-1,Region_1
CGGTTGACCTGGCATA-1,Region_1
ATCCTGAATCGCTGCG-1,Region_1
GTTTCATATCGTCGCT-1,Region_1
ATAAATATTAGCAGCT-1,Region_1
AAGAGGATGTACGCGA-1,Region_1
TCCTGCGTTGATACTC-1,Region_1
CGTGCATTGTCGACGC-1,Region_1
CCGGGTTCGAGGTTAC-1,Region_1
CCCAATTTCACAACTT-1,Region_1
TGATTTATTAGCTGTG-1,Region_1
TGGAAGAAGGGAACGT-1,Region_1
GACGCTTGCTTCTAAA-1,Region_1
GGGAACGGGAGGTTAG-1,Region_1
GCGGCTCTGACGTACC-1,Region_1
ACGTTAGATTTGCCCG-1,Region_1
GAGAGGGCGCGAGGTT-1,Region_1
GCGTCTCTGCATTGGG-1,Region_2
GCAGCACACAGCCCAG-1,Region_1
CAGGCCGTTTGGGTGT-1,Region_0
AACTCAAGTTAATTGC-1,Region_1
CTTCGTAGATAGGTGA-1,Region_1
TGCAGAGTACCGAGCA-1,Region_1
GAAGTGATTTATCGTG-1,Region_1
CGCTACGGGACATTTA-1,Region_1
CCACACTGAGATATTA-1,Region_1
CGATCCGACCCAGTGC-1,Region_1
CTGTACTTCTTAGCAT-1,Region_1
ACTTATTAGGATCGGT-1,Region_0
TAGTCCGCAGAGAATG-1,Region_1
TTCACGAAAGGATCAC-1,Region_1
TACATTTCTAACGTGC-1,Region_0
ACCATATCCGCAATAA-1,Region_1
CACTCAAGAGCTATGG-1,Region_1
TGTACGAACAAATCCG-1,Region_1
ATCATCCAATATTTGT-1,Region_1
CGCTATTCTTAGGCTC-1,Region_1
TGGCAGCAGTAATAGT-1,Region_1
TCACGTGCCCGATTCA-1,Region_1
CATACGGCGTCTGGGC-1,Region_1
CACATGATTCAGCAAC-1,Region_0
GCTAGTAGAGCTTGTA-1,Region_2
TGCTGTTGAAGAACTC-1,Region_2
CGGAGCATGGCGATCC-1,Region_1
TAGCGTTGGGTCTTAC-1,Region_0
GTAGCGGCTATACACT-1,Region_0
TAACATACAATGTGGG-1,Region_0
TCTTCGAATAGACGTT-1,Region_1
GATCGTGACTGATATC-1,Region_0
GATCCGGGAATTAACA-1,Region_0
TTATATACGCTGTCAC-1,Region_0
GTCGCGTAACCCGTTG-1,Region_1
AGCTCTAGACGTTCCA-1,Region_0
GTCAAGCGGACTCGGG-1,Region_0
CGAGGGACTGCGGTCG-1,Region_1
AATCGCCTCAGCGCCA-1,Region_3
CTTGTTGCTGAGTCAA-1,Region_3
GATATGAGACACTAAC-1,Region_3
TTATGATCTTAACGAA-1,Region_2
CGCCGCCCATGCCTGT-1,Region_3
CTGGGATAAATAATGG-1,Region_2
GTGCCCGTTCGGATTC-1,Region_2
TTCAATACTCTGAATC-1,Region_2
CGCACATGTCCACTAC-1,Region_4
AGAAGAGCGCCGTTCC-1,Region_2
GATAACTCGCACTGTG-1,Region_4
AGTCGACGGTCTCAAG-1,Region_4
GTGACCGCACACTACG-1,Region_3
GTATGTGGGTCTAGTT-1,Region_4
CTTGAGTTAGGGTAAT-1,Region_2
TTAGCTGATTTGCCGT-1,Region_2
GCTGTTGCTACCGAAC-1,Region_2
TATTACCATCCTGCTT-1,Region_2
TTGAATTCACGTGAGG-1,Region_2
CCATCTCACCAGTGAA-1,Region_2
CGCACGTGCGCTATCA-1,Region_1
ACCCGGATGACGCATC-1,Region_1
CGCTAGAGACCGCTGC-1,Region_2
ATAGTTCCACCCACTC-1,Region_2
GCAGACCCAGCACGTA-1,Region_2
TAGACTACCTAGCGTT-1,Region_1
GGTTCTACTCGTCTGA-1,Region_2
GACTCACCCACGTGAG-1,Region_1
AGCTCTTCGTAACCTT-1,Region_1
ACTATCCAGGGCATGG-1,Region_1
AAGGATCGATCGCTTG-1,Region_2
ATATCGGTAGGGAGAT-1,Region_1
TTCCAGACGAGATTTA-1,Region_2
GACCGACGTGAAAGCA-1,Region_1
CCTGGAAACGTTCTGC-1,Region_1
CCGGTAATGGCTAGTC-1,Region_1
GCCGTGGAAGAAATGT-1,Region_1
GTCTTGAGGAGCAGTG-1,Region_1
TCCCAAAGCCCTAAAT-1,Region_1
TTGAGCGCCACGTGAT-1,Region_1
TTGAGTCCCGCTGCTG-1,Region_1
ATGGAACCTTTGCACA-1,Region_2
GCTAGCACCTGGGCCA-1,Region_2
CGCCGTCTACCCATCG-1,Region_1
GATAGGTGTCCCGGGC-1,Region_3
AGGTATGCGGACATTA-1,Region_3
TTGGTTCGCTCAAAGG-1,Region_1
TCTGGAGCGTAAGAGT-1,Region_3
TGCCTAAATTTAATAG-1,Region_2
TAATTTCCGTCCAGTA-1,Region_1
TCCTTCAATCCCTACG-1,Region_1
TACCTATCCCTAGAGG-1,Region_1
GCATGGGTACTGACGC-1,Region_1
GTCGGGAACATGGTAG-1,Region_1
GCAAATGAGGACACTT-1,Region_1
GAATGGGCTTATCGAC-1,Region_1
TGGTCGTGCAAGGCAA-1,Region_1
CACCACGCCACACAGA-1,Region_1
GAACCTCGACCTACAC-1,Region_1
CAATACGCTCTGAGGC-1,Region_1
TGGTAAGCAGGATTGA-1,Region_0
AGTGGCTCCGTCGGCC-1,Region_1
GATCGGATAGAACCAT-1,Region_0
GCTACAGTACGGACCG-1,Region_1
TCTATTACTAGAGGAT-1,Region_1
TTCAGGCGTCAAAGCC-1,Region_1
AGACCGGGAAACCCTG-1,Region_1
AGAGATCTCTAAAGCG-1,Region_1
CCCTGCCCAATCCGCT-1,Region_1
GTGGCGGTCCCAGCGT-1,Region_1
GCATTGTAATTCATAT-1,Region_1
CCGTTCCGAATCTCGG-1,Region_1
AGCTTGATCTTAACTT-1,Region_1
CCTGTACTCACGCCCA-1,Region_1
AAGTGACGACCGAATT-1,Region_1
CTCACTTGGCTGGTAA-1,Region_1
CGCCTGGCCTACGTAA-1,Region_1
CCCGTAAGTCTAGGCC-1,Region_1
TTGGACATGTGGCTTA-1,Region_1
ATTACGCGCTGGCAGG-1,Region_1
ACGCGCTACACAGGGT-1,Region_0
TACGTTTACCGGCAAT-1,Region_1
CGAAACGCAATTCATG-1,Region_1
TAGTCTAACAACGAGA-1,Region_1
TTGCATGCTGATCACG-1,Region_1
TCTGGGTAGCGCTCAT-1,Region_1
ACATCGGTCAGCCGCG-1,Region_1
AGATACCGGTGTTCAC-1,Region_1
GATTACTGAATTTGGG-1,Region_2
TCCAACTTTAAATTCT-1,Region_2
TCCTAGCAAAGAAGCT-1,Region_0
GTCTATCTGAGTTTCT-1,Region_2
GATGTTCAATCCACGA-1,Region_0
AGTTAAACACTTGCGA-1,Region_0
AGCTCTTTACTCAGTT-1,Region_1
ATCCAGGATTCGTGAA-1,Region_1
AGTCAACACCACCATC-1,Region_2
CGATACCTCGCGGACA-1,Region_1
TACAACGCACAACTCA-1,Region_2
AATTAAAGGTCGGCGT-1,Region_1
TACGCAGTTCTTTCCT-1,Region_2
GACCGTGCTGACGGTG-1,Region_2
GGCAAATTACTTTACT-1,Region_2
GGTACAAACATGCTAT-1,Region_2
CGGGCCTTCTTTGTAA-1,Region_2
CGTGAAGTTAATTCAC-1,Region_2
ATAGTGAAGCGTTCTC-1,Region_0
TACGCCATATTCTAAT-1,Region_1
GCCGGGTTAGGGTCGC-1,Region_1
TACATAGGCATACACC-1,Region_1
GCCGATTGGCCAAGCT-1,Region_1
CTGCCATGCATCACAT-1,Region_1
TTATGAATGAAAGGGA-1,Region_2
GCTGAGGCGTGAGTAT-1,Region_1
GCGCCGTTCCACGATA-1,Region_2
CGCATGGTGCGATGCT-1,Region_2
AGGTTTCACACACCTT-1,Region_2
CAAGGATCGCATGTTC-1,Region_0
ACGTTAATGTCGAAGA-1,Region_0
TCCAGAGCACCGGTTC-1,Region_0
GATTCGACGGTTCACG-1,Region_2
GTTTCTGCAGTCTCCC-1,Region_1
GCTGCACGGTTTCTTA-1,Region_2
CGTGCAGACTGGGACA-1,Region_2
GTGTTACTATGCGTCC-1,Region_2
TCCTCGGGCTGGGCTT-1,Region_0
GTGAGGACACTTAAGG-1,Region_0
ATACGCCGGCGAAACC-1,Region_0
TCTGCCAGAAACTGCA-1,Region_3
TTCTGCGGGTTAGCGG-1,Region_0
CTCGGTACCACTGCTC-1,Region_1
GTAAGTAACAGTCTGG-1,Region_3
GTGCGTGTATATGAGC-1,Region_2
ATTTGTCTTGGGAGCT-1,Region_1
CCTCGGACCGGGATAG-1,Region_4
TAGGTGCTCGCCTAGC-1,Region_0
CTTTAGGAACACTGTT-1,Region_2
TCGGGCCGTCGTGGTA-1,Region_2
GCGCAAGAGCGCGCTG-1,Region_4
TATAGATGGTCGCAGT-1,Region_1
TTACATGCCACAACTA-1,Region_4
ACATGGCGCCAAAGTA-1,Region_2
TATGGTTAGTGGGAGA-1,Region_1
CATGACTTCGCTGAAT-1,Region_2
ACCACCAATGTAACAA-1,Region_2
TCTTAGAGCTCCAATT-1,Region_2
CCACGAATTTAACCTC-1,Region_2
TTCTTGCTAGCATCTC-1,Region_2
ACACCTTACTACTTGC-1,Region_2
AGTCGGTTGCGTGAGA-1,Region_2
ACCTACAGTATGTGGT-1,Region_2
GAGGATAAACAGTGCT-1,Region_2
TTCCGGTATCTGTGTC-1,Region_2
GGAGGCCGAAGTCGTC-1,Region_2
TTCGCTAGGAAGTTGT-1,Region_2
TAAAGACAACCCTTTA-1,Region_3
GTTGCGCTAACATTAC-1,Region_2
GCTGAACTCTCCAGGG-1,Region_3
AGCCCTGTCGCACCGT-1,Region_3
AGCGCTAGAGCGATGT-1,Region_3
TGCGCCGTTAATAACG-1,Region_3
TGACAACGCATGTCGC-1,Region_3
CGTCTTGAGTGTGACG-1,Region_4
GATAGGATTAATTACA-1,Region_2
GATACCGTGTCGGAGT-1,Region_2
TGTGTCGAAGTCGAGG-1,Region_1
GGATCAGAGCCATCAG-1,Region_1
GTCCCAATCATCCCGC-1,Region_1
TGCCACACTAGAGGAA-1,Region_1
TGAATTTCACTTGCCT-1,Region_1
CTCAGATTGTGATAAG-1,Region_1
CGGACGTTACTTGAAG-1,Region_1
CCGCCTTGCGATGTCG-1,Region_1
CCAGTCAAATCTCTTA-1,Region_1
AAACAGCTTTCAGAAG-1,Region_1
TAGCTGATGTGAAGCG-1,Region_0
CTTATGCGCTCAGGGC-1,Region_4
TGGCTCTTGTCGCGTA-1,Region_0
TTGTGAGGCATGACGC-1,Region_2
CATAAGCTCTCCGTCT-1,Region_4
CCTTCTCAGCGTTCCT-1,Region_2
TGCAGCTACGTACTTC-1,Region_1
CTCTACACTGGCGATT-1,Region_1
TGCAGATCGTCCTAGG-1,Region_1
TGCCAAAGTCAGACTT-1,Region_1
ACAATAGTCGTACGTT-1,Region_1
CATGCCAACTCGCAAA-1,Region_1
TGCAGAACTATATCGT-1,Region_1
TCGTGTCACGCTGACA-1,Region_1
TGATCAGGGAACTGCT-1,Region_1
CTTGCAACCGCCTCCT-1,Region_1
AGCCCATACATGTAAG-1,Region_1
ATCCAATGGAGGGTCC-1,Region_1
AAACCGGGTAGGTACC-1,Region_1
GCAACCACGGCCGCGT-1,Region_1
CGCTTATTCCCGGTCG-1,Region_1
TTACTCTGGTACGTAC-1,Region_1
GTGGTTTCCGCCTTTC-1,Region_1
ATAGGCGGCTATAGAA-1,Region_1
GTGCCATCACACGGTG-1,Region_1
CCCAACATACGTCGCG-1,Region_1
CGGTGCAGATAGAACG-1,Region_1
GGGCGGGTTCCCTACG-1,Region_1
TGAGCCATACAGTCTC-1,Region_1
CTCCGCCCACATGAGG-1,Region_1
GTTGAACCGGTTCCAT-1,Region_1
TTGACTACCATATGGT-1,Region_1
ACCATCGTATATGGTA-1,Region_1
TGCGTAAGAACCTGAT-1,Region_1
AGAAGGTTGCCGAATT-1,Region_1
AGGACGACCCATTAGA-1,Region_2
GGTGCTGGTACACATT-1,Region_2
GCGCTATGCCGAGGCA-1,Region_2
ACCCGGTTACACTTCC-1,Region_2
TAACTCATCCGCGCGG-1,Region_0
CACAATGAGCTGCTAT-1,Region_0
GTTACTTTGGGCCTAG-1,Region_0
GGGCCCGTCTTAAACA-1,Region_0
GAAATTGTCTCTATAA-1,Region_1
GGCGCATGAATTGATG-1,Region_1
CATATAGGTACAGTCA-1,Region_0
TCAACGAGGAGACAAA-1,Region_2
TTGCACAATTCAGAAA-1,Region_2
CATCGGACGGGTTAAT-1,Region_2
ATTAAACATGCGGACC-1,Region_2
TATCTACCACAGCGGG-1,Region_1
CGAGACCCTAGAGTGT-1,Region_1
ACATCGATCGTTTACC-1,Region_2
ATCGACCCAATACAGA-1,Region_2
GAATCTGAACATTCTC-1,Region_2
AGTTCCTATTTATGTT-1,Region_2
CAGTCTGTATACTGGG-1,Region_2
GGAGACGACACCTTTG-1,Region_2
CCTAAATTAACGGTTC-1,Region_1
GCTACGACTTATTGGG-1,Region_2
CTGTGCAGGGTAGGTC-1,Region_0
ACGCCGCTAGACGACC-1,Region_2
ACTTGACTCCCTCTTT-1,Region_1
CGCCTCCCTCCTCTAT-1,Region_1
CTAGATTTACGACGGC-1,Region_2
GATGCTGTATTTCATC-1,Region_1
TGCGTTTGTTGACACT-1,Region_0
CGTGCCCTCCCGAAGA-1,Region_2
ACTCTCTGACTTAGGT-1,Region_2
CTGGGTAGGCAGTTAA-1,Region_2
GTTTGGCCCAAGTTAT-1,Region_2
GAATGTGGTCCGGATT-1,Region_2
CCCAGTTAAGGCGCCG-1,Region_2
CGGTACTAGAATCAAA-1,Region_2
GCTTAATGTAACTAAC-1,Region_4
AGGACAGTCGAATCCC-1,Region_2
GACAGCCAGACCTGAC-1,Region_2
TAATTAGGACATCCGT-1,Region_1
GCTCCCAGTCGGTCCA-1,Region_1
ATTCGTGCTATCTCTT-1,Region_2
GTTAACTATGTTGTCA-1,Region_1
GCTCCGCTCGCTTCAG-1,Region_2
GCAACGGCTAGTTATG-1,Region_2
AATCGCGCAGAGGACT-1,Region_1
AGGTTACACCATGCCG-1,Region_2
CGAGATTTCGCTCGGG-1,Region_2
CGATAATACTCAGGTT-1,Region_2
AAGGCAGGCTGTCTCC-1,Region_2
GTAAGTCCACACTCTA-1,Region_2
ATGAGGGCAGCGGCTA-1,Region_2
GCCGCACTCCGTTTCA-1,Region_2
GAGCACGGCGCCTCTT-1,Region_3
ACAATTTGGCCATATT-1,Region_2
CTGGTTCGCGAGCTAC-1,Region_2
GACGGTCCTAGGGTGT-1,Region_4
ACTCGCGATCTGACGC-1,Region_0
GTGTACGAACCGTTCC-1,Region_2
CTTTGACGTCGCTTCT-1,Region_1
CGTTATCATACTTCCA-1,Region_1
GCTATGCCAGCTTATG-1,Region_1
CAGTCGGCCTAGATAT-1,Region_1
CCCGTGAGGGCGGTGA-1,Region_1
TCTCGTGTTACGAGGA-1,Region_1
ACGTCTCGTTCCGGGA-1,Region_1
CGAGAGCGCGTAGATA-1,Region_1
GACAGATTTCTGGCTC-1,Region_1
GGGCCTAAATGGGCTA-1,Region_1
ACTTGTAGTCCCTTCA-1,Region_1
CCCGAAGTTTCGCGAA-1,Region_1
ACCATCCGCCAACTAG-1,Region_1
TGCGAATATGGGATTT-1,Region_1
TCAACATCGACCGAGA-1,Region_2
CTATGTGAGTCACGGC-1,Region_2
CCGAACACTGGGCCTC-1,Region_1
AAACTTGCAAACGTAT-1,Region_1
AGGGCGAGCAGCTGAT-1,Region_1
AACACGAGACGCGGCC-1,Region_1
TGACGAATATTTCCCT-1,Region_1
TCGGAGAGTATCGGGA-1,Region_1
CAAATCTCTCACAAGG-1,Region_1
AGGCCCTAGAACGCCA-1,Region_1
TAGAGATCATGCAACT-1,Region_1
TTGTTTCCATACAACT-1,Region_1
GAGAGGTGCATTCTGG-1,Region_1
GTGGACCAACCCGATT-1,Region_1
CTGGGCCTGCTATATC-1,Region_1
CATAGTCCACAAGAAC-1,Region_2
TTGACATGAACGTGGA-1,Region_1
GGTTACCACCCTCGGG-1,Region_2
TACCGGTCGTTTCCAT-1,Region_1
CGAGTACTAAAGAGGA-1,Region_1
GCAAGAATTCCTTGGC-1,Region_1
TCGCCGAAGTTGCGTC-1,Region_1
TTGAGAGTACTGCTAA-1,Region_1
GCCACAATTTAAGGAC-1,Region_0
ATATTCAGTTAAACCT-1,Region_1
TGAGTGCCTCTTAAAT-1,Region_2
ATCAGACGGCACGCCG-1,Region_2
GTGCGAAATCGAACAC-1,Region_2
GTGCCGCTTCAAAGGT-1,Region_2
GATACGATGGGAGTCA-1,Region_0
GACACTGAGTTCAGTG-1,Region_1
ATCCTGCGTGGAATGG-1,Region_1
ATCCTACCTAAGCTCT-1,Region_0
AGTGATATGAGTAGTT-1,Region_1
ATGATGCAATGGTACA-1,Region_1
GAAACCGAATTACCTT-1,Region_1
AGTGACCTACTTTACG-1,Region_1
CAAATGTCCTTCCGTG-1,Region_2
TTACTGGGATATTTCA-1,Region_0
CTTGCCCAGGCTCTAC-1,Region_2
AAATCGTGTACCACAA-1,Region_2
GTGATCATAGATCTGC-1,Region_2
TGGCAGATTACGATCA-1,Region_2
TCACCCTCTTAAGATT-1,Region_1
CAGGATATATCGTTGT-1,Region_2
CCTGACCACCGATGGT-1,Region_1
CTAAAGGGAAATAGGA-1,Region_2
CCGCTATCAGCACCAG-1,Region_1
CTTTAGTGCTATTATT-1,Region_1
CGGGAATTTATGTAAA-1,Region_2
TACGACTGCCTCTTAG-1,Region_2
AAACTGCTGGCTCCAA-1,Region_2
GTACGTTTGCCCGTCA-1,Region_2
GGCAAGGCGAAATAGC-1,Region_2
GATCTTGGAGGGCATA-1,Region_0
AGCGTGGTATTCTACT-1,Region_2
CTAAGGGAATGATTGG-1,Region_0
CATGGTAAGTAGCGTT-1,Region_3
CGTTGAGCGACCGTCG-1,Region_1
TGCCCGTACCGTTAAA-1,Region_0
ACAAGGGCAGGCTCTG-1,Region_1
GAGATCTTCCATGACA-1,Region_0
AATGACGTAGGATGTC-1,Region_0
GTGGTGGCCAAGTGAA-1,Region_0
TCCCGTGTGCAATTTG-1,Region_1
ACATCGTATGCAATGG-1,Region_2
GCGAAACTTAACTGGA-1,Region_2
AATTGAACGCTCTGGT-1,Region_0
ACAAATGGTAGTGTTT-1,Region_0
ATGGTCGCGTGGTTTC-1,Region_1
TGTTATTGTATGTGGC-1,Region_1
GTTCGGATCGGGAACA-1,Region_3
GTCTTGTAGCTATTCA-1,Region_1
TTGCCAAGCAGAACCC-1,Region_1
AAACCCGAACGAAATC-1,Region_4
TTGAGCAGCCCACGGT-1,Region_1
CGCCTTTAGCATGCTC-1,Region_1
TGTGGCTCCCACCAAC-1,Region_1
CCGCCGTTGAGGATAA-1,Region_1
CAATACGAGAGTCTGA-1,Region_1
GGTGGAGGTTGATACG-1,Region_1
CCGCACACGAACGTGT-1,Region_2
AGAACCCAGCGTGACA-1,Region_1
ATCATGGACTACCGAC-1,Region_0
CGACCTACTAGACAAT-1,Region_0
GAGTCTTGTAAAGGAC-1,Region_1
AATATCCTAGCAAACT-1,Region_1
CCCTAGGCAACAAGAG-1,Region_1
ACAAAGAAGGTAGGCC-1,Region_1
CCCTGGCTGTTCCTTC-1,Region_2
TCGCCGCACCGCGTGA-1,Region_2
TATAGCGCACGTTATC-1,Region_2
TTATCTGACATTAGGA-1,Region_2
AGTGGTGTTACCCGTG-1,Region_1
GCCAAGAATACTTCTG-1,Region_1
CCGGCGTGAGACTCTG-1,Region_1
TTCCCGGCGCCAATAG-1,Region_1
AAACAGGGTCTATATT-1,Region_1
ACAGTAATACAACTTG-1,Region_1
CGAACGGCCGGACAAC-1,Region_1
GCAACACACTAGAACT-1,Region_0
ACTCCCATTCCTAAAG-1,Region_1
ACCTGCGTGTCATGTT-1,Region_1
TACTTTCCGCACGCCA-1,Region_1
AGGTCAGGTGAGAGTG-1,Region_1
TCCTCCTAAGACATTC-1,Region_2
ATGTGAAAGCCTAATG-1,Region_1
AGTCGGCTCAACTTTA-1,Region_2
CGATCTGTTGGAGGAC-1,Region_1
ACGGGAGTGTCGGCCC-1,Region_1
TTAACTTCAGGTAGGA-1,Region_1
CCACGGAGCCATAAGA-1,Region_1
CTTCTATGTTGAAGTA-1,Region_1
CACCGTTGCGCGATAT-1,Region_1
TCTAGCAATCTCCGCC-1,Region_1
AGTTTGGCCAGACCTA-1,Region_1
TTGTAAGGACCTAAGT-1,Region_1
AAATTTGCGGGTGTGG-1,Region_1
AAGTTCGGCCAACAGG-1,Region_1
CCGCTTACCTCACTCT-1,Region_0
ATCACGTGCTAATTAA-1,Region_1
GGTGAAGTACAGGGAT-1,Region_0
GCTGTATTACTGGCCC-1,Region_2
AACGGCCATCTCCGGT-1,Region_1
TAAGTAACATCTTGAC-1,Region_2
TTCTTGAGCCGCGCTA-1,Region_1
AGTGCGTAGCTCGTAA-1,Region_2
GGGATGGTCGTAACCG-1,Region_1
GTCTGGGCGGTCGAGA-1,Region_0
CGGAACGTAAACATAG-1,Region_3
TGCGACACCCTAGTGC-1,Region_1
CAAACGAGTATCGCAG-1,Region_3
TCAGTAGGGACTATAA-1,Region_1
GCGGTTCCCTATCATG-1,Region_1
GTGACTTCAGTAGTGC-1,Region_1
CGTCACGTCCATTGGT-1,Region_1
ATAAGTTACCGCGACG-1,Region_1
CTGAATCCGAGACCTC-1,Region_1
TACGACGCTTGCTGCG-1,Region_1
GAATTCACCCGGGTGT-1,Region_1
GGGTGACACCTTAACT-1,Region_2
TGAGTAAATTAGCGTA-1,Region_2
GAGTCCGCTTACCGGA-1,Region_2
GGCGCGTTCGAGTTTA-1,Region_0
ATTCATATACTGTCCA-1,Region_1
ATAAACGGACCCGTAA-1,Region_0
GTCGTACCATCTCGGG-1,Region_3
ATAATAGCTGTTGAAT-1,Region_0
TTCCGCGTGAGGCGAT-1,Region_4
TACCGGCTCACTGCCC-1,Region_0
GTATCTTTCATAACCA-1,Region_4
GTTACCTACAACTTGC-1,Region_0
TGACTATAATCCTTTC-1,Region_2
AAATACCTATAAGCAT-1,Region_1
TTATTAGAGCGTGTTC-1,Region_2
ATGTGGACATCTTGAT-1,Region_1
GTACGCTTCATTGCAC-1,Region_2
CAAGAGGGCGGAGTAC-1,Region_2
TCGCAAAGATGCATTT-1,Region_1
GTCGTTATTCGCTTAT-1,Region_1
TCGTGTACTATGGATG-1,Region_1
GCGGAGAGGGAGAACG-1,Region_0
TCACAGGGAATCGCAA-1,Region_2
GACTGCACCAGCCCAG-1,Region_2
TCCGCTGTCATCCCGG-1,Region_1
AGATACTCAAGATCGA-1,Region_0
ACTGAATGGCGAAAGT-1,Region_1
TCCTACATCCACGGCC-1,Region_2
CGGGAATATAGTATAC-1,Region_2
ATCAAACACTGTTCCA-1,Region_2
GGACACAAGTTTACAC-1,Region_2
AACTACCCGTTTGTCA-1,Region_2
TATGACCTTGCGCTGG-1,Region_1
ATATACATGTATGGTA-1,Region_1
TGTGTGACCATGAATC-1,Region_1
CCCACTCCACGGTATC-1,Region_1
GGGCAGACGTCACTGC-1,Region_1
TCAAAGAGCTATCTGT-1,Region_1
AGATGCATCCTGTGTC-1,Region_1
GTGAAGTCACGACTCG-1,Region_1
TGATTCAGGTCCCGCG-1,Region_1
CGCCACAGGTCGCGAT-1,Region_1
TTGAATCGTTGTATAA-1,Region_1
TGGCCAATTTGGTACT-1,Region_1
CGACCCTTAACGCCGG-1,Region_1
TCGGCGTACTGCACAA-1,Region_1
GAGTAAGGCCACGGGA-1,Region_1
ATCAGCTCGTCCACTA-1,Region_2
AGGATCACGCGATCTG-1,Region_1
AAATGGCCCGTGCCCT-1,Region_2
CAGTACCAGTTTACGT-1,Region_1
GGTCGTAAGCTCGCAC-1,Region_0
CGTTCATGGTGCGCGT-1,Region_2
GACTACAAAGCGGTGG-1,Region_0
CAGCTGGCGTAACCGT-1,Region_1
ACTCGTAACCCGTCCT-1,Region_1
CATATGTCAGGCTACG-1,Region_1
GCCCGACTTCTTCCCG-1,Region_1
CTGGCATCCGAATGAG-1,Region_1
AAGTGCGTTAGAATCT-1,Region_1
AGAAGTGATTCGTGAT-1,Region_1
TACCTTAAGATTTCCC-1,Region_0
AATGACAGCAATGTCT-1,Region_2
TCAACGCAGGAAATAA-1,Region_2
TATTCCTCCGCCCACT-1,Region_0
ATCAAACGAAGGTTTG-1,Region_0
TTGATTAGCTGTTTCT-1,Region_0
CTGCTGAGGCCACGAA-1,Region_0
CCGTGTTAAATTCCAT-1,Region_0
CACGTCGGCAACCTCT-1,Region_0
GTATTCTGAGAAACGA-1,Region_3
CGGTGCGCGTTGGTCC-1,Region_1
GTGATTCGCCGCTCAA-1,Region_3
GCCCGCGCGTAAACGG-1,Region_1
AACGTACTGTGGGTAC-1,Region_1
GAGTATGCCCGCCTTG-1,Region_1
TGATTCTGTCGCCGGT-1,Region_2
GGGCGGCAAATGAATT-1,Region_1
TTCCAATCTGGCTATC-1,Region_2
GGAACCGTGTAAATTG-1,Region_2
TTGGTCACACTCGTAA-1,Region_1
CGAACCCGCATGCGTC-1,Region_2
GGGCGTCACCACGTAA-1,Region_2
TACCAGAAGTAGGTTC-1,Region_0
TTGGATATCGTCTACG-1,Region_1
TAGATATGGACTGGAA-1,Region_2
GCGACGATAGTTGTAC-1,Region_4
CTGGATTTACACTTGA-1,Region_0
GTTATATTATCTCCCT-1,Region_2
TATTCCACTCAGCTCG-1,Region_0
CTGTTACCCAATCTAG-1,Region_2
ACGCGAAGTCAGACGA-1,Region_2
GATAGGTAACGTTGAC-1,Region_2
TGTTCGTATTGCGGTG-1,Region_3
GGTCAGTGGGTCCCAC-1,Region_2
GTTTACGTTCCATCTG-1,Region_2
AGACGAAGTGCCGGTC-1,Region_1
CGCTGGTGACTACCCT-1,Region_1
AGGCATTGTCGTAGGG-1,Region_1
TGGTAGAATATATGGG-1,Region_1
TTCTTATCCGCTGGGT-1,Region_0
AGTTTGGCACGGGTTG-1,Region_2
GCATCGGCCGTGTAGG-1,Region_2
TCGGCGAACCCAAACC-1,Region_2
AGAGTAAACTTCACTA-1,Region_2
CCCGAGTTTCTCCGTA-1,Region_2
AATATCGAATCAATGC-1,Region_4
GCGCCTCCCACTCCGA-1,Region_2
CGTTAAACTAGTTAGG-1,Region_1
TGAGTTAAAGACATTC-1,Region_2
TTAGAGGGATATACAG-1,Region_1
GTGGGTACTGAGCGTA-1,Region_1
CTTAAGCAGCGAGCCG-1,Region_1
GCATTGACTTGCGGAA-1,Region_1
CCATAACCTGTGCAGT-1,Region_1
GGGCTACTATTTCGTG-1,Region_1
GGCGAGCGAAACGGCA-1,Region_1
GGAGACCATCTACATA-1,Region_1
AGACCAAACCACACCT-1,Region_1
CGACGCATCCGTACCT-1,Region_1
CCTAGGTAAAGGTAGC-1,Region_1
AGCGGCGGTTAGCGGT-1,Region_1
CTGGACGCAGTCCGGC-1,Region_2
AGCCTAATACCCACGT-1,Region_2
AATCTGGCTTTCTAGT-1,Region_2
CACCCTTGGTGAGACC-1,Region_2
GGATCTTGACTCAACC-1,Region_0
ACGAGGATACCACTCT-1,Region_0
GAGTTGATGGCAATTT-1,Region_0
GTGGCAAACAGCGGCA-1,Region_0
GATGTAACGAACCACC-1,Region_1
AGCCGTGGCTAAATGT-1,Region_0
CTCCCTCCTTTCGATC-1,Region_1
TTGGAAGAATACAGTC-1,Region_0
AGTTAAGTCAACCGCT-1,Region_2
CTCATGGTAATTTGCG-1,Region_3
AAAGTAGCATTGCTCA-1,Region_0
TTGTGGTAGGAGGGAT-1,Region_0
AGTCGTGGGCATTACG-1,Region_0
ACCTAAGTACCTTTCA-1,Region_0
GTAGAGGGAGACAAGT-1,Region_4
GATCCTCGACACTGGC-1,Region_0
CCTACATTCACAGACG-1,Region_2
TTGACCGTGTTAATGA-1,Region_0
CTAACTGGTCCGGTTC-1,Region_3
TAATAGAACAGAGTTA-1,Region_3
ACAGGTGGAGGTGAGG-1,Region_1
TGCGAGAATATTACCC-1,Region_1
TTGCGTCGGCCAACCG-1,Region_1
AGGCTTCCCGAAGAAG-1,Region_1
GCGGACCGCGTTGTGG-1,Region_0
GTAATCTGATTCTTCG-1,Region_0
CCGCGGAATGCGTCAC-1,Region_0
TTCCACACAGATTTGA-1,Region_2
CTTCTATTAATGCTAG-1,Region_0
CATTTGAGTGGTACGT-1,Region_2
TCACAGCAAACTCGAA-1,Region_0
CAGACGAACCTGATAC-1,Region_0
TAGCTAGAAGGCATGA-1,Region_2
ATCCAGAGCAACAACC-1,Region_0
TCCGGTTCGTCCGGTC-1,Region_3
CGCGCATGTTTGATTG-1,Region_4
CCCTTTGACAGGTCTT-1,Region_2
GTCTATTGGTTCCGGT-1,Region_0
CTAGGCGCCCTATCAG-1,Region_1
AACGGACGTACGTATA-1,Region_0
AACACACGCTCGCCGC-1,Region_3
GCTACTATAGTAGAGT-1,Region_2
ACAATTGTGTCTCTTT-1,Region_2
GATCGCTACCCGATTT-1,Region_1
ATTGCGATCAGTAACT-1,Region_2
CAGCAGTCCAGACTAT-1,Region_2
AGAGGCTTCGGAAACC-1,Region_0
AAACAAGTATCTCCCA-1,Region_2
GGCAGCAAACCTATGC-1,Region_2
ACTAGTTGCGATCGTC-1,Region_2
ACGTGACAAAGTAAGT-1,Region_1
TTGTCACCGCGGTATC-1,Region_1
GATCTAACCGTATTCA-1,Region_1
ATGGAAATTTAAGGAG-1,Region_1
ATTGATCACCACATTT-1,Region_2
ACTGCTCGGAAGGATG-1,Region_2
TCTAAAGAACAGTCTC-1,Region_2
CCCAGTAAACTTGGGA-1,Region_2
AGAAGGTACACTTCAC-1,Region_3
TTGGTTGCGGTGCGCG-1,Region_0
ACAGAACTGAGAACAA-1,Region_3
CTACTATCATAGGTTT-1,Region_1
CCTCTATCGATTAGCA-1,Region_0
CCGTATCTCGTCGTAG-1,Region_1
TCACGATGTCCGTGGA-1,Region_3
CCACCAACTTTACTGT-1,Region_1
AAACCGTTCGTCCAGG-1,Region_1
CAGCGATTCCCTTCAA-1,Region_1
GCTAGCTTGAATAGCT-1,Region_0
TTGCGGCATCAGAAAG-1,Region_2
AATAGAACAGAGTGGC-1,Region_2
ACACTGATCAAGGTGT-1,Region_1
GACATCGATTTATAAC-1,Region_2
CATCATTACCCTGAGG-1,Region_1
TAAGTTGCGACGTAGG-1,Region_4
AGTGCACGCTTAAGAA-1,Region_0
TGTGCCGGTGCCGGAA-1,Region_1
AGGAGGCCTTCGCGCG-1,Region_2
TCCGCGGCCCAATGAA-1,Region_3
TCCGTTAAGCTAATAT-1,Region_1
CGCAGGCGATCCAAAC-1,Region_1
TTGCCATAGCCCGCTC-1,Region_3
